{
  "id": "0a931459-3beb-41a5-9a86-952cc919ceca",
  "generation": 1,
  "iteration": 2,
  "current_iteration": 5,
  "metrics": {
    "beir_nfcorpus_ndcg@10": 0.3213071802565174,
    "beir_nfcorpus_recall@100": 0.2547310643923953,
    "beir_nfcorpus_index_time_ms": 4005.736416002037,
    "beir_nfcorpus_query_time_ms": 107.67749999649823,
    "bright_pony_ndcg@10": 0.05637188358323913,
    "bright_pony_recall@100": 0.21005819858467784,
    "bright_pony_index_time_ms": 1718.2899169856682,
    "bright_pony_query_time_ms": 512.2032079962082,
    "beir_scifact_ndcg@10": 0.6799632536895306,
    "beir_scifact_recall@100": 0.932,
    "beir_scifact_index_time_ms": 5281.528040999547,
    "beir_scifact_query_time_ms": 328.92812497448176,
    "beir_arguana_ndcg@10": 0.2949905683447675,
    "beir_arguana_recall@100": 0.9336188436830836,
    "beir_arguana_index_time_ms": 6249.967124982504,
    "beir_arguana_query_time_ms": 116398.34233300644,
    "bright_theoremqa_theorems_ndcg@10": 0.019389800691487533,
    "bright_theoremqa_theorems_recall@100": 0.1293859649122807,
    "bright_theoremqa_theorems_index_time_ms": 22043.022541998653,
    "bright_theoremqa_theorems_query_time_ms": 921.375582984183,
    "beir_scidocs_ndcg@10": 0.14771447144709124,
    "beir_scidocs_recall@100": 0.3470500000000001,
    "beir_scidocs_index_time_ms": 34698.72408398078,
    "beir_scidocs_query_time_ms": 3774.915374990087,
    "bright_economics_ndcg@10": 0.16805982381411513,
    "bright_economics_recall@100": 0.4087455127056558,
    "bright_economics_index_time_ms": 33626.05308298953,
    "bright_economics_query_time_ms": 8950.604624988046,
    "bright_biology_ndcg@10": 0.23097314015841575,
    "bright_biology_recall@100": 0.4639508904199758,
    "bright_biology_index_time_ms": 40409.8297500168,
    "bright_biology_query_time_ms": 6739.521332987351,
    "bright_earth_science_ndcg@10": 0.3602303260931662,
    "bright_earth_science_recall@100": 0.6481582090021291,
    "bright_earth_science_index_time_ms": 94855.84516701056,
    "bright_earth_science_query_time_ms": 7616.965291992528,
    "beir_fiqa_ndcg@10": 0.228623959196954,
    "beir_fiqa_recall@100": 0.5347663995812144,
    "beir_fiqa_index_time_ms": 100269.55224998528,
    "beir_fiqa_query_time_ms": 11599.29112502141,
    "bright_stackoverflow_ndcg@10": 0.17442182572795345,
    "bright_stackoverflow_recall@100": 0.46857210657960907,
    "bright_stackoverflow_index_time_ms": 193023.25849997578,
    "bright_stackoverflow_query_time_ms": 9402.845375007018,
    "beir_trec-covid_ndcg@10": 0.6701171163688141,
    "beir_trec-covid_recall@100": 0.11010470005720356,
    "beir_trec-covid_index_time_ms": 245639.05704198987,
    "beir_trec-covid_query_time_ms": 1717.293374997098,
    "avg_ndcg@10": 0.27934694578100433,
    "avg_recall@100": 0.45342849082651876,
    "combined_score": 0.4186121818174159,
    "total_index_time_ms": 781820.863916917,
    "total_query_time_ms": 168069.96324894135,
    "total_time_ms": 949890.8271658584,
    "datasets_evaluated": 12,
    "datasets_failed": 0,
    "error": 0.0
  },
  "language": "python",
  "timestamp": 1770067281.9246678,
  "saved_at": 1770068089.8129432
}