{
  "id": "25ca2e25-aa2f-40b3-a77e-b9e96730fd77",
  "generation": 5,
  "iteration": 124,
  "current_iteration": 125,
  "metrics": {
    "beir_nfcorpus_ndcg@10": 0.3203734613023918,
    "beir_nfcorpus_recall@100": 0.25553772722827045,
    "beir_nfcorpus_index_time_ms": 3818.0533749982715,
    "beir_nfcorpus_query_time_ms": 138.2493749842979,
    "bright_pony_ndcg@10": 0.10311165939917055,
    "bright_pony_recall@100": 0.2918657935193159,
    "bright_pony_index_time_ms": 1651.378750015283,
    "bright_pony_query_time_ms": 634.4212919939309,
    "beir_scifact_ndcg@10": 0.6749924182626882,
    "beir_scifact_recall@100": 0.932,
    "beir_scifact_index_time_ms": 5348.141917027533,
    "beir_scifact_query_time_ms": 396.1730409937445,
    "beir_arguana_ndcg@10": 0.2795473036336203,
    "beir_arguana_recall@100": 0.9129193433261956,
    "beir_arguana_index_time_ms": 6151.539707992924,
    "beir_arguana_query_time_ms": 30482.14729197207,
    "bright_theoremqa_theorems_ndcg@10": 0.040423220229772364,
    "bright_theoremqa_theorems_recall@100": 0.15350877192982457,
    "bright_theoremqa_theorems_index_time_ms": 11106.823499983875,
    "bright_theoremqa_theorems_query_time_ms": 1251.9029999966733,
    "beir_scidocs_ndcg@10": 0.14322714149256124,
    "beir_scidocs_recall@100": 0.34318333333333334,
    "beir_scidocs_index_time_ms": 20155.615416995715,
    "beir_scidocs_query_time_ms": 3845.774084009463,
    "bright_economics_ndcg@10": 0.14096703589067244,
    "bright_economics_recall@100": 0.390907487552556,
    "bright_economics_index_time_ms": 20950.947375007672,
    "bright_economics_query_time_ms": 4482.52279200824,
    "bright_biology_ndcg@10": 0.24382982238715672,
    "bright_biology_recall@100": 0.545365592223027,
    "bright_biology_index_time_ms": 24119.274791999487,
    "bright_biology_query_time_ms": 4201.721707999241,
    "beir_fiqa_ndcg@10": 0.22592997198751308,
    "beir_fiqa_recall@100": 0.5272046711861526,
    "beir_fiqa_index_time_ms": 47004.08074998995,
    "beir_fiqa_query_time_ms": 7535.693874990102,
    "bright_earth_science_ndcg@10": 0.35108876175548015,
    "bright_earth_science_recall@100": 0.6647502376631234,
    "bright_earth_science_index_time_ms": 46043.8749580062,
    "bright_earth_science_query_time_ms": 7232.832165987929,
    "bright_stackoverflow_ndcg@10": 0.17306759907524438,
    "bright_stackoverflow_recall@100": 0.49296548663986156,
    "bright_stackoverflow_index_time_ms": 109432.83770798007,
    "bright_stackoverflow_query_time_ms": 13189.193708007224,
    "beir_trec-covid_ndcg@10": 0.6174934052361852,
    "beir_trec-covid_recall@100": 0.1049344986498073,
    "beir_trec-covid_index_time_ms": 156082.32208300615,
    "beir_trec-covid_query_time_ms": 1585.7181250175927,
    "avg_ndcg@10": 0.27617098338770474,
    "avg_recall@100": 0.46792857860428905,
    "combined_score": 0.42957705956097225,
    "total_index_time_ms": 451864.89033300313,
    "total_query_time_ms": 74976.3504579605,
    "total_time_ms": 526841.2407909636,
    "datasets_evaluated": 12,
    "datasets_failed": 0,
    "error": 0.0
  },
  "language": "python",
  "timestamp": 1770116809.702442,
  "saved_at": 1770117080.595144
}