{
  "id": "98ab8759-994e-425d-b857-7646da2253db",
  "generation": 5,
  "iteration": 33,
  "current_iteration": 35,
  "metrics": {
    "beir_nfcorpus_ndcg@10": 0.3188436559874521,
    "beir_nfcorpus_recall@100": 0.25492856091346877,
    "beir_nfcorpus_index_time_ms": 3521.7914590029977,
    "beir_nfcorpus_query_time_ms": 108.17354096798226,
    "beir_scifact_ndcg@10": 0.6785517934574802,
    "beir_scifact_recall@100": 0.9213333333333332,
    "beir_scifact_index_time_ms": 4712.407458049711,
    "beir_scifact_query_time_ms": 396.8717090319842,
    "bright_pony_ndcg@10": 0.10362026584153496,
    "bright_pony_recall@100": 0.2891311449151021,
    "bright_pony_index_time_ms": 1443.7481249915436,
    "bright_pony_query_time_ms": 513.8276250218041,
    "beir_arguana_ndcg@10": 0.2762254886480717,
    "beir_arguana_recall@100": 0.9122055674518201,
    "beir_arguana_index_time_ms": 5753.904249984771,
    "beir_arguana_query_time_ms": 22033.824166981503,
    "bright_theoremqa_theorems_ndcg@10": 0.026466872146561352,
    "bright_theoremqa_theorems_recall@100": 0.13815789473684212,
    "bright_theoremqa_theorems_index_time_ms": 10579.912709014025,
    "bright_theoremqa_theorems_query_time_ms": 934.4756249920465,
    "beir_scidocs_ndcg@10": 0.14608192273778714,
    "beir_scidocs_recall@100": 0.34371666666666667,
    "beir_scidocs_index_time_ms": 19203.73158302391,
    "beir_scidocs_query_time_ms": 3519.354165997356,
    "bright_economics_ndcg@10": 0.1647495952292073,
    "bright_economics_recall@100": 0.3891256993356873,
    "bright_economics_index_time_ms": 13544.342208013404,
    "bright_economics_query_time_ms": 2634.3414169969037,
    "bright_biology_ndcg@10": 0.24403518310852704,
    "bright_biology_recall@100": 0.48889310031364197,
    "bright_biology_index_time_ms": 14742.858042009175,
    "bright_biology_query_time_ms": 2533.164540946018,
    "beir_fiqa_ndcg@10": 0.2255750483333274,
    "beir_fiqa_recall@100": 0.5284631220973814,
    "beir_fiqa_index_time_ms": 33191.54562498443,
    "beir_fiqa_query_time_ms": 6264.85237502493,
    "bright_earth_science_ndcg@10": 0.35638500516426663,
    "bright_earth_science_recall@100": 0.652063642648942,
    "bright_earth_science_index_time_ms": 31152.229917002842,
    "bright_earth_science_query_time_ms": 4262.396625010297,
    "bright_stackoverflow_ndcg@10": 0.18178574569430916,
    "bright_stackoverflow_recall@100": 0.4558647777431372,
    "bright_stackoverflow_index_time_ms": 97027.58087503025,
    "bright_stackoverflow_query_time_ms": 9041.893833025824,
    "beir_trec-covid_ndcg@10": 0.6585153352118757,
    "beir_trec-covid_recall@100": 0.1060182607882992,
    "beir_trec-covid_index_time_ms": 129156.74879204016,
    "beir_trec-covid_query_time_ms": 1511.0476249828935,
    "avg_ndcg@10": 0.2817363259633667,
    "avg_recall@100": 0.4566584809120269,
    "combined_score": 0.4216740499222949,
    "total_index_time_ms": 364030.8010431472,
    "total_query_time_ms": 53754.22324897954,
    "total_time_ms": 417785.02429212676,
    "datasets_evaluated": 12,
    "datasets_failed": 0,
    "error": 0.0
  },
  "language": "python",
  "timestamp": 1770038871.091606,
  "saved_at": 1770039339.96768
}