{
  "id": "198d14a6-a30a-438c-8f50-bc1a495c6e81",
  "generation": 1,
  "iteration": 3,
  "current_iteration": 10,
  "metrics": {
    "beir_nfcorpus_ndcg@10": 0.3155781622017753,
    "beir_nfcorpus_recall@100": 0.251443467638319,
    "beir_nfcorpus_index_time_ms": 3513.1668329704553,
    "beir_nfcorpus_query_time_ms": 138.5448329965584,
    "beir_scifact_ndcg@10": 0.6736337328045033,
    "beir_scifact_recall@100": 0.9096666666666666,
    "beir_scifact_index_time_ms": 4705.630667041987,
    "beir_scifact_query_time_ms": 525.8075000019744,
    "bright_pony_ndcg@10": 0.08908378836496908,
    "bright_pony_recall@100": 0.2539714364597905,
    "bright_pony_index_time_ms": 1401.6565419733524,
    "bright_pony_query_time_ms": 727.1691670175642,
    "beir_arguana_ndcg@10": 0.2656364070027284,
    "beir_arguana_recall@100": 0.9022127052105638,
    "beir_arguana_index_time_ms": 5749.272415996529,
    "beir_arguana_query_time_ms": 32484.177208971232,
    "bright_theoremqa_theorems_ndcg@10": 0.026021717672369292,
    "bright_theoremqa_theorems_recall@100": 0.125,
    "bright_theoremqa_theorems_index_time_ms": 10508.24133300921,
    "bright_theoremqa_theorems_query_time_ms": 1302.2314999834634,
    "beir_scidocs_ndcg@10": 0.14348446134290405,
    "beir_scidocs_recall@100": 0.3373,
    "beir_scidocs_index_time_ms": 19233.71879203478,
    "beir_scidocs_query_time_ms": 4344.3140420131385,
    "bright_economics_ndcg@10": 0.15460853466549468,
    "bright_economics_recall@100": 0.39629816881913427,
    "bright_economics_index_time_ms": 14001.051708008163,
    "bright_economics_query_time_ms": 3702.730041986797,
    "bright_biology_ndcg@10": 0.24065484990265237,
    "bright_biology_recall@100": 0.49202674348305414,
    "bright_biology_index_time_ms": 14974.959417013451,
    "bright_biology_query_time_ms": 3461.8659999687225,
    "beir_fiqa_ndcg@10": 0.21837471249059212,
    "beir_fiqa_recall@100": 0.5114853639159195,
    "beir_fiqa_index_time_ms": 32694.226249994244,
    "beir_fiqa_query_time_ms": 7729.788458964322,
    "bright_earth_science_ndcg@10": 0.35611246097369836,
    "bright_earth_science_recall@100": 0.650769295233905,
    "bright_earth_science_index_time_ms": 30665.812208026182,
    "bright_earth_science_query_time_ms": 5769.711582979653,
    "bright_stackoverflow_ndcg@10": 0.16986815772545513,
    "bright_stackoverflow_recall@100": 0.4531181315073901,
    "bright_stackoverflow_index_time_ms": 97981.59974999726,
    "bright_stackoverflow_query_time_ms": 13293.387292011175,
    "beir_trec-covid_ndcg@10": 0.6641783324613635,
    "beir_trec-covid_recall@100": 0.10592452786988613,
    "beir_trec-covid_index_time_ms": 132163.63716701744,
    "beir_trec-covid_query_time_ms": 1800.0989999854937,
    "avg_ndcg@10": 0.27643627646737545,
    "avg_recall@100": 0.4491013755670524,
    "combined_score": 0.41456835574711703,
    "total_index_time_ms": 367592.97308308305,
    "total_query_time_ms": 75279.8266268801,
    "total_time_ms": 442872.79970996315,
    "datasets_evaluated": 12,
    "datasets_failed": 0,
    "error": 0.0
  },
  "language": "python",
  "timestamp": 1770031395.767112,
  "saved_at": 1770032977.677152
}