{
  "id": "743a4b88-21ff-40e0-96bb-67e63229e3f1",
  "generation": 11,
  "iteration": 186,
  "current_iteration": 195,
  "metrics": {
    "beir_nfcorpus_ndcg@10": 0.315637414215826,
    "beir_nfcorpus_recall@100": 0.2539556602764066,
    "beir_nfcorpus_index_time_ms": 3832.814041990787,
    "beir_nfcorpus_query_time_ms": 111.6095420147758,
    "bright_pony_ndcg@10": 0.09313832390024582,
    "bright_pony_recall@100": 0.29701225307699036,
    "bright_pony_index_time_ms": 1459.1533750062808,
    "bright_pony_query_time_ms": 516.9327500043437,
    "beir_scifact_ndcg@10": 0.6807951463724532,
    "beir_scifact_recall@100": 0.93,
    "beir_scifact_index_time_ms": 4995.113041019067,
    "beir_scifact_query_time_ms": 362.92183297337033,
    "beir_arguana_ndcg@10": 0.3033261902894326,
    "beir_arguana_recall@100": 0.939329050678087,
    "beir_arguana_index_time_ms": 6262.388250004733,
    "beir_arguana_query_time_ms": 21982.574207999278,
    "bright_theoremqa_theorems_ndcg@10": 0.031752001545580895,
    "bright_theoremqa_theorems_recall@100": 0.16228070175438594,
    "bright_theoremqa_theorems_index_time_ms": 11120.313874998828,
    "bright_theoremqa_theorems_query_time_ms": 933.2899580185767,
    "beir_scidocs_ndcg@10": 0.1430192510644704,
    "beir_scidocs_recall@100": 0.34376666666666666,
    "beir_scidocs_index_time_ms": 20409.15429100278,
    "beir_scidocs_query_time_ms": 3501.2598750181496,
    "bright_economics_ndcg@10": 0.13630903843077874,
    "bright_economics_recall@100": 0.40515380437259013,
    "bright_economics_index_time_ms": 21323.60720797442,
    "bright_economics_query_time_ms": 2999.4341660058126,
    "bright_biology_ndcg@10": 0.23372891014056105,
    "bright_biology_recall@100": 0.5185047507990789,
    "bright_biology_index_time_ms": 21992.213333025575,
    "bright_biology_query_time_ms": 2864.017625019187,
    "bright_earth_science_ndcg@10": 0.3454314742537188,
    "bright_earth_science_recall@100": 0.6729335175058859,
    "bright_earth_science_index_time_ms": 45718.57579200878,
    "bright_earth_science_query_time_ms": 4998.3019169885665,
    "beir_fiqa_ndcg@10": 0.2348256457364344,
    "beir_fiqa_recall@100": 0.534314459545941,
    "beir_fiqa_index_time_ms": 48840.210584021406,
    "beir_fiqa_query_time_ms": 6370.947541989153,
    "bright_stackoverflow_ndcg@10": 0.1765951811974534,
    "bright_stackoverflow_recall@100": 0.4921875770900222,
    "bright_stackoverflow_index_time_ms": 110734.3735829927,
    "bright_stackoverflow_query_time_ms": 10404.30241599097,
    "beir_trec-covid_ndcg@10": 0.5786526745325803,
    "beir_trec-covid_recall@100": 0.0994857552993759,
    "beir_trec-covid_index_time_ms": 156805.5742919969,
    "beir_trec-covid_query_time_ms": 1379.3762080022134,
    "avg_ndcg@10": 0.272767604306628,
    "avg_recall@100": 0.4707436830887859,
    "combined_score": 0.43114846733235435,
    "total_index_time_ms": 453493.49166604225,
    "total_query_time_ms": 56424.968040024396,
    "total_time_ms": 509918.45970606664,
    "datasets_evaluated": 12,
    "datasets_failed": 0,
    "error": 0.0
  },
  "language": "python",
  "timestamp": 1770134096.715604,
  "saved_at": 1770136498.435473
}