{
  "id": "e22a416a-9031-4b78-9643-ccc2f1b17907",
  "generation": 8,
  "iteration": 115,
  "timestamp": 1770134539.3358862,
  "parent_id": "96d682db-52d5-4b9f-9b22-f0450e2ac520",
  "metrics": {
    "bright_pony_ndcg@10": 0.10817241570968407,
    "bright_pony_recall@100": 0.2943388796437178,
    "bright_pony_index_time_ms": 7860.71121506393,
    "bright_pony_query_time_ms": 717.9091987200081,
    "beir_nfcorpus_ndcg@10": 0.32103997694420416,
    "beir_nfcorpus_recall@100": 0.24724028451841487,
    "beir_nfcorpus_index_time_ms": 16897.791537921876,
    "beir_nfcorpus_query_time_ms": 190.90327806770802,
    "beir_scifact_ndcg@10": 0.6768448706423255,
    "beir_scifact_recall@100": 0.9286666666666668,
    "beir_scifact_index_time_ms": 19573.075803928077,
    "beir_scifact_query_time_ms": 592.9761440493166,
    "beir_arguana_ndcg@10": 0.2722274376638082,
    "beir_arguana_recall@100": 0.9157744468236974,
    "beir_arguana_index_time_ms": 28540.517507120967,
    "beir_arguana_query_time_ms": 29899.410628713667,
    "bright_theoremqa_theorems_ndcg@10": 0.030958278260969384,
    "bright_theoremqa_theorems_recall@100": 0.1293859649122807,
    "bright_theoremqa_theorems_index_time_ms": 54242.2232888639,
    "bright_theoremqa_theorems_query_time_ms": 1053.710084874183,
    "beir_scidocs_ndcg@10": 0.14276051501575812,
    "beir_scidocs_recall@100": 0.34103333333333335,
    "beir_scidocs_index_time_ms": 83694.09099873155,
    "beir_scidocs_query_time_ms": 4343.066680245101,
    "bright_economics_ndcg@10": 0.1546033827984985,
    "bright_economics_recall@100": 0.39627843991868733,
    "bright_economics_index_time_ms": 54266.52258913964,
    "bright_economics_query_time_ms": 2721.8989743851125,
    "bright_biology_ndcg@10": 0.2769587703953891,
    "bright_biology_recall@100": 0.5409682720617826,
    "bright_biology_index_time_ms": 62967.74614229798,
    "bright_biology_query_time_ms": 2585.995313245803,
    "bright_earth_science_ndcg@10": 0.3651269775296603,
    "bright_earth_science_recall@100": 0.6611948251637453,
    "bright_earth_science_index_time_ms": 111658.32671523094,
    "bright_earth_science_query_time_ms": 4257.738925982267,
    "beir_fiqa_ndcg@10": 0.21945753050637967,
    "beir_fiqa_recall@100": 0.5179668453974009,
    "beir_fiqa_index_time_ms": 136728.6791242659,
    "beir_fiqa_query_time_ms": 6724.225184880197,
    "bright_stackoverflow_ndcg@10": 0.18485706615900574,
    "bright_stackoverflow_recall@100": 0.465805767106117,
    "bright_stackoverflow_index_time_ms": 376763.99474125355,
    "bright_stackoverflow_query_time_ms": 10122.699204832315,
    "beir_trec-covid_ndcg@10": 0.6284489388293562,
    "beir_trec-covid_recall@100": 0.1052597258402444,
    "beir_trec-covid_index_time_ms": 486358.5367840715,
    "beir_trec-covid_query_time_ms": 1632.567877881229,
    "avg_ndcg@10": 0.2817880133712532,
    "avg_recall@100": 0.4619927876155074,
    "combined_score": 0.4259518327666566,
    "total_index_time_ms": 1439552.2164478898,
    "total_query_time_ms": 64843.10149587691,
    "total_time_ms": 1504395.3179437667,
    "datasets_evaluated": 12,
    "datasets_failed": 0,
    "error": 0.0
  },
  "language": "python",
  "saved_at": 1770197666.533884
}