{
  "id": "be0c0f12-79db-4dcb-b8d6-2d3e72873957",
  "generation": 2,
  "iteration": 11,
  "current_iteration": 15,
  "metrics": {
    "beir_nfcorpus_ndcg@10": 0.3182465738710593,
    "beir_nfcorpus_recall@100": 0.25385949569224503,
    "beir_nfcorpus_index_time_ms": 3501.7538749962114,
    "beir_nfcorpus_query_time_ms": 92.00337500078604,
    "beir_scifact_ndcg@10": 0.6772980696133485,
    "beir_scifact_recall@100": 0.9279999999999999,
    "beir_scifact_index_time_ms": 4762.446334003471,
    "beir_scifact_query_time_ms": 335.5325409793295,
    "bright_pony_ndcg@10": 0.07788826445365125,
    "bright_pony_recall@100": 0.24573210691621528,
    "bright_pony_index_time_ms": 1354.971916996874,
    "bright_pony_query_time_ms": 426.9017500337213,
    "beir_arguana_ndcg@10": 0.28151431739166327,
    "beir_arguana_recall@100": 0.9200571020699501,
    "beir_arguana_index_time_ms": 5737.487624981441,
    "beir_arguana_query_time_ms": 18191.929291002452,
    "bright_theoremqa_theorems_ndcg@10": 0.02088893197864869,
    "bright_theoremqa_theorems_recall@100": 0.11622807017543858,
    "bright_theoremqa_theorems_index_time_ms": 10438.399416045286,
    "bright_theoremqa_theorems_query_time_ms": 736.4400830119848,
    "beir_scidocs_ndcg@10": 0.14488136492506903,
    "beir_scidocs_recall@100": 0.34271666666666667,
    "beir_scidocs_index_time_ms": 19214.351000031456,
    "beir_scidocs_query_time_ms": 3071.1973330471665,
    "bright_economics_ndcg@10": 0.14332210123422887,
    "bright_economics_recall@100": 0.4130501662303039,
    "bright_economics_index_time_ms": 13571.058084024116,
    "bright_economics_query_time_ms": 2125.436583010014,
    "bright_biology_ndcg@10": 0.26818446904061016,
    "bright_biology_recall@100": 0.5181397606538127,
    "bright_biology_index_time_ms": 14707.768457999919,
    "bright_biology_query_time_ms": 2060.0544160115533,
    "beir_fiqa_ndcg@10": 0.21643304024274637,
    "beir_fiqa_recall@100": 0.511135079769339,
    "beir_fiqa_index_time_ms": 32048.13270899467,
    "beir_fiqa_query_time_ms": 5557.082542043645,
    "bright_earth_science_ndcg@10": 0.3071467798739563,
    "bright_earth_science_recall@100": 0.6484807073849723,
    "bright_earth_science_index_time_ms": 30166.876917006448,
    "bright_earth_science_query_time_ms": 3480.8247499749996,
    "bright_stackoverflow_ndcg@10": 0.1703396960986417,
    "bright_stackoverflow_recall@100": 0.4681897404077691,
    "bright_stackoverflow_index_time_ms": 97049.3410420022,
    "bright_stackoverflow_query_time_ms": 7312.774916994385,
    "beir_trec-covid_ndcg@10": 0.657894223656065,
    "beir_trec-covid_recall@100": 0.1084479492240512,
    "beir_trec-covid_index_time_ms": 130071.39262504643,
    "beir_trec-covid_query_time_ms": 1284.206832991913,
    "avg_ndcg@10": 0.27366981936497403,
    "avg_recall@100": 0.4561697370992303,
    "combined_score": 0.4196697535523791,
    "total_index_time_ms": 362623.9800021285,
    "total_query_time_ms": 44674.38441410195,
    "total_time_ms": 407298.36441623047,
    "datasets_evaluated": 12,
    "datasets_failed": 0,
    "error": 0.0
  },
  "language": "python",
  "timestamp": 1770050356.984162,
  "saved_at": 1770051237.424916
}