{
  "id": "fab346c5-29ad-432b-8b8a-be612e6e066b",
  "generation": 12,
  "iteration": 197,
  "timestamp": 1770137084.1162891,
  "parent_id": "fdc36d08-db66-4067-958b-4dd7d7bee742",
  "metrics": {
    "beir_nfcorpus_ndcg@10": 0.31521486268380183,
    "beir_nfcorpus_recall@100": 0.2534827158498583,
    "beir_nfcorpus_index_time_ms": 3972.4365419824608,
    "beir_nfcorpus_query_time_ms": 157.78233399032615,
    "bright_pony_ndcg@10": 0.09246711287226587,
    "bright_pony_recall@100": 0.2985789608257633,
    "bright_pony_index_time_ms": 1686.2749170104507,
    "bright_pony_query_time_ms": 941.7080419952981,
    "beir_scifact_ndcg@10": 0.6776421147603187,
    "beir_scifact_recall@100": 0.93,
    "beir_scifact_index_time_ms": 5342.576666007517,
    "beir_scifact_query_time_ms": 552.2687079792377,
    "beir_arguana_ndcg@10": 0.3006885576919209,
    "beir_arguana_recall@100": 0.9357601713062098,
    "beir_arguana_index_time_ms": 6444.668624986662,
    "beir_arguana_query_time_ms": 38462.70216698758,
    "bright_theoremqa_theorems_ndcg@10": 0.03199924201862211,
    "bright_theoremqa_theorems_recall@100": 0.16228070175438594,
    "bright_theoremqa_theorems_index_time_ms": 10947.399915981805,
    "bright_theoremqa_theorems_query_time_ms": 1645.5703750252724,
    "beir_scidocs_ndcg@10": 0.14233200822912978,
    "beir_scidocs_recall@100": 0.3441666666666667,
    "beir_scidocs_index_time_ms": 20294.01479201624,
    "beir_scidocs_query_time_ms": 5179.5584589999635,
    "bright_economics_ndcg@10": 0.1364082986538199,
    "bright_economics_recall@100": 0.40414025481535126,
    "bright_economics_index_time_ms": 21249.48995799059,
    "bright_economics_query_time_ms": 5505.877375020646,
    "bright_biology_ndcg@10": 0.24053174437709535,
    "bright_biology_recall@100": 0.5248154304107293,
    "bright_biology_index_time_ms": 24729.161750001367,
    "bright_biology_query_time_ms": 5181.397874985123,
    "beir_fiqa_ndcg@10": 0.23255056588425274,
    "beir_fiqa_recall@100": 0.5331956323854472,
    "beir_fiqa_index_time_ms": 46405.613959010225,
    "beir_fiqa_query_time_ms": 9473.70945799048,
    "bright_earth_science_ndcg@10": 0.34785892962059795,
    "bright_earth_science_recall@100": 0.6733253670356665,
    "bright_earth_science_index_time_ms": 47052.36795797828,
    "bright_earth_science_query_time_ms": 8387.609208992217,
    "bright_stackoverflow_ndcg@10": 0.178474299167984,
    "bright_stackoverflow_recall@100": 0.4926149275173727,
    "bright_stackoverflow_index_time_ms": 115672.97145799967,
    "bright_stackoverflow_query_time_ms": 16942.01583400718,
    "beir_trec-covid_ndcg@10": 0.56844821984857,
    "beir_trec-covid_recall@100": 0.09908398512377627,
    "beir_trec-covid_index_time_ms": 161346.0093330068,
    "beir_trec-covid_query_time_ms": 1908.2064159738366,
    "avg_ndcg@10": 0.2720513296506983,
    "avg_recall@100": 0.47095373447426897,
    "combined_score": 0.4311732535095548,
    "total_index_time_ms": 465142.98587397207,
    "total_query_time_ms": 94338.40625194716,
    "total_time_ms": 559481.3921259192,
    "datasets_evaluated": 12,
    "datasets_failed": 0,
    "error": 0.0
  },
  "language": "python",
  "saved_at": 1770138149.1516109
}