{
  "id": "6cd66546-e527-487e-b7f3-747009921b70",
  "generation": 5,
  "iteration": 177,
  "current_iteration": 200,
  "metrics": {
    "bright_pony_ndcg@10": 0.13204918670714963,
    "bright_pony_recall@100": 0.33092288775600315,
    "bright_pony_index_time_ms": 7652.7137868106365,
    "bright_pony_query_time_ms": 2335.3510899469256,
    "beir_nfcorpus_ndcg@10": 0.3347718004398883,
    "beir_nfcorpus_recall@100": 0.26122311886681265,
    "beir_nfcorpus_index_time_ms": 14049.602115061134,
    "beir_nfcorpus_query_time_ms": 611.2379971891642,
    "beir_scifact_ndcg@10": 0.6829450578323311,
    "beir_scifact_recall@100": 0.9276666666666668,
    "beir_scifact_index_time_ms": 26666.382011026144,
    "beir_scifact_query_time_ms": 2399.1917008534074,
    "beir_arguana_ndcg@10": 0.28846290489127985,
    "beir_arguana_recall@100": 0.9221984296930764,
    "beir_arguana_index_time_ms": 33638.4427822195,
    "beir_arguana_query_time_ms": 111292.36978897825,
    "bright_theoremqa_theorems_ndcg@10": 0.037872000728343985,
    "bright_theoremqa_theorems_recall@100": 0.1995614035087719,
    "bright_theoremqa_theorems_index_time_ms": 62414.31570798159,
    "bright_theoremqa_theorems_query_time_ms": 3371.5719687752426,
    "beir_scidocs_ndcg@10": 0.15095477608433192,
    "beir_scidocs_recall@100": 0.35148333333333337,
    "beir_scidocs_index_time_ms": 110659.87683692947,
    "beir_scidocs_query_time_ms": 18673.69970306754,
    "bright_economics_ndcg@10": 0.12408112848997234,
    "bright_economics_recall@100": 0.37786089383999444,
    "bright_economics_index_time_ms": 60700.72283688933,
    "bright_economics_query_time_ms": 11344.030080828816,
    "bright_biology_ndcg@10": 0.24880930861427172,
    "bright_biology_recall@100": 0.5724109564426375,
    "bright_biology_index_time_ms": 77664.53988291323,
    "bright_biology_query_time_ms": 9726.035742089152,
    "bright_earth_science_ndcg@10": 0.2771898625364392,
    "bright_earth_science_recall@100": 0.6533956200585058,
    "bright_earth_science_index_time_ms": 162864.84597995877,
    "bright_earth_science_query_time_ms": 18749.99754782766,
    "beir_fiqa_ndcg@10": 0.23442758163834215,
    "beir_fiqa_recall@100": 0.5258634541041949,
    "beir_fiqa_index_time_ms": 179909.20822834596,
    "beir_fiqa_query_time_ms": 18439.929470885545,
    "bright_stackoverflow_ndcg@10": 0.1983704845607518,
    "bright_stackoverflow_recall@100": 0.5312730257239509,
    "bright_stackoverflow_index_time_ms": 505777.98742987216,
    "bright_stackoverflow_query_time_ms": 36715.04609007388,
    "beir_trec-covid_ndcg@10": 0.7259532957970433,
    "beir_trec-covid_recall@100": 0.12363662146135239,
    "beir_trec-covid_index_time_ms": 738245.6469559111,
    "beir_trec-covid_query_time_ms": 6052.449631039053,
    "avg_ndcg@10": 0.28632394902667874,
    "avg_recall@100": 0.4814580342879416,
    "combined_score": 0.442431217235689,
    "total_index_time_ms": 1980244.284553919,
    "total_query_time_ms": 239710.91081155464,
    "total_time_ms": 2219955.1953654736,
    "datasets_evaluated": 12,
    "datasets_failed": 0,
    "error": 0.0
  },
  "language": "python",
  "timestamp": 1770187572.9868948,
  "saved_at": 1770208546.144547
}