{
  "id": "f83cbc4a-5f31-4f40-aebf-cf8ba319ae15",
  "generation": 7,
  "iteration": 185,
  "timestamp": 1770180005.701783,
  "parent_id": "2f6b6934-31b2-4e01-8a66-92487ae34762",
  "metrics": {
    "bright_pony_ndcg@10": 0.08720208641852036,
    "bright_pony_recall@100": 0.29424214232541096,
    "bright_pony_index_time_ms": 7302.147883921862,
    "bright_pony_query_time_ms": 1580.2101991139352,
    "beir_nfcorpus_ndcg@10": 0.31618381243823906,
    "beir_nfcorpus_recall@100": 0.2487827094839776,
    "beir_nfcorpus_index_time_ms": 17647.57301378995,
    "beir_nfcorpus_query_time_ms": 337.9240669310093,
    "beir_scifact_ndcg@10": 0.6752575217444707,
    "beir_scifact_recall@100": 0.9279999999999999,
    "beir_scifact_index_time_ms": 17897.02470600605,
    "beir_scifact_query_time_ms": 1066.571800969541,
    "beir_arguana_ndcg@10": 0.29231621428697624,
    "beir_arguana_recall@100": 0.9293361884368309,
    "beir_arguana_index_time_ms": 28094.593686051667,
    "beir_arguana_query_time_ms": 61967.20857080072,
    "bright_theoremqa_theorems_ndcg@10": 0.02880235414022576,
    "bright_theoremqa_theorems_recall@100": 0.1557017543859649,
    "bright_theoremqa_theorems_index_time_ms": 56603.15696289763,
    "bright_theoremqa_theorems_query_time_ms": 2063.199949916452,
    "beir_scidocs_ndcg@10": 0.14202961705618974,
    "beir_scidocs_recall@100": 0.3456166666666667,
    "beir_scidocs_index_time_ms": 96057.76842823252,
    "beir_scidocs_query_time_ms": 6936.703446786851,
    "bright_economics_ndcg@10": 0.1504597131011667,
    "bright_economics_recall@100": 0.4149995149762527,
    "bright_economics_index_time_ms": 58258.30723065883,
    "bright_economics_query_time_ms": 5851.971107069403,
    "bright_biology_ndcg@10": 0.2517471387800415,
    "bright_biology_recall@100": 0.5062070161712471,
    "bright_biology_index_time_ms": 59485.32005306333,
    "bright_biology_query_time_ms": 5288.290782831609,
    "bright_earth_science_ndcg@10": 0.361646234978591,
    "bright_earth_science_recall@100": 0.6677970232530123,
    "bright_earth_science_index_time_ms": 131192.90379388258,
    "bright_earth_science_query_time_ms": 8735.669418238103,
    "beir_fiqa_ndcg@10": 0.2305292980074055,
    "beir_fiqa_recall@100": 0.5298630339139598,
    "beir_fiqa_index_time_ms": 147549.33798173442,
    "beir_fiqa_query_time_ms": 10447.732998989522,
    "bright_stackoverflow_ndcg@10": 0.1833525233536012,
    "bright_stackoverflow_recall@100": 0.49128008269457063,
    "bright_stackoverflow_index_time_ms": 444208.0286103301,
    "bright_stackoverflow_query_time_ms": 20454.331905115396,
    "beir_trec-covid_ndcg@10": 0.6339354026752926,
    "beir_trec-covid_recall@100": 0.10661952575502565,
    "beir_trec-covid_index_time_ms": 597139.9482181296,
    "beir_trec-covid_query_time_ms": 3007.052128203213,
    "avg_ndcg@10": 0.27945515974839336,
    "avg_recall@100": 0.4682038048385766,
    "combined_score": 0.43045407582053996,
    "total_index_time_ms": 1661436.1105686985,
    "total_query_time_ms": 127736.86637496576,
    "total_time_ms": 1789172.9769436643,
    "datasets_evaluated": 12,
    "datasets_failed": 0,
    "error": 0.0
  },
  "language": "python",
  "saved_at": 1770189704.7443202
}