{
  "id": "49b207b0-8235-4f40-b1e6-361c4d5b82ab",
  "generation": 3,
  "iteration": 20,
  "current_iteration": 20,
  "metrics": {
    "beir_nfcorpus_ndcg@10": 0.320528105751368,
    "beir_nfcorpus_recall@100": 0.2558809869706997,
    "beir_nfcorpus_index_time_ms": 4013.504875008948,
    "beir_nfcorpus_query_time_ms": 106.34587501408532,
    "bright_pony_ndcg@10": 0.09751256784471023,
    "bright_pony_recall@100": 0.2907084158440811,
    "bright_pony_index_time_ms": 1727.8343329962809,
    "bright_pony_query_time_ms": 506.1092079849914,
    "beir_scifact_ndcg@10": 0.6773187914244386,
    "beir_scifact_recall@100": 0.932,
    "beir_scifact_index_time_ms": 5645.9492499998305,
    "beir_scifact_query_time_ms": 347.63504200964235,
    "beir_arguana_ndcg@10": 0.27595906344921806,
    "beir_arguana_recall@100": 0.9107780157030693,
    "beir_arguana_index_time_ms": 6570.311000017682,
    "beir_arguana_query_time_ms": 20548.80091600353,
    "bright_theoremqa_theorems_ndcg@10": 0.032852869855020624,
    "bright_theoremqa_theorems_recall@100": 0.15350877192982457,
    "bright_theoremqa_theorems_index_time_ms": 11959.570583014283,
    "bright_theoremqa_theorems_query_time_ms": 823.6214999924414,
    "beir_scidocs_ndcg@10": 0.14659536347838373,
    "beir_scidocs_recall@100": 0.34451666666666664,
    "beir_scidocs_index_time_ms": 21511.297958990326,
    "beir_scidocs_query_time_ms": 3395.4753750003874,
    "bright_economics_ndcg@10": 0.16218015340647485,
    "bright_economics_recall@100": 0.38820895821210777,
    "bright_economics_index_time_ms": 22331.442875001812,
    "bright_economics_query_time_ms": 2575.4495000001043,
    "bright_biology_ndcg@10": 0.2618241709272088,
    "bright_biology_recall@100": 0.5199071240461124,
    "bright_biology_index_time_ms": 23688.113208016148,
    "bright_biology_query_time_ms": 2420.353540976066,
    "beir_fiqa_ndcg@10": 0.22627347934365405,
    "beir_fiqa_recall@100": 0.5245536570768052,
    "beir_fiqa_index_time_ms": 47030.78745899256,
    "beir_fiqa_query_time_ms": 6907.656666007824,
    "bright_earth_science_ndcg@10": 0.34659462709248384,
    "bright_earth_science_recall@100": 0.6558818431266253,
    "bright_earth_science_index_time_ms": 50242.53866702202,
    "bright_earth_science_query_time_ms": 3864.633041986963,
    "bright_stackoverflow_ndcg@10": 0.19142581773696565,
    "bright_stackoverflow_recall@100": 0.4602605697244184,
    "bright_stackoverflow_index_time_ms": 123168.69812499499,
    "bright_stackoverflow_query_time_ms": 9681.28158300533,
    "beir_trec-covid_ndcg@10": 0.6551697068565348,
    "beir_trec-covid_recall@100": 0.1085115234234563,
    "beir_trec-covid_index_time_ms": 171148.45770801185,
    "beir_trec-covid_query_time_ms": 1453.9747909875587,
    "avg_ndcg@10": 0.2828528930972051,
    "avg_recall@100": 0.46205971106032223,
    "combined_score": 0.4262183474676988,
    "total_index_time_ms": 489038.5060420667,
    "total_query_time_ms": 52631.33703896892,
    "total_time_ms": 541669.8430810357,
    "datasets_evaluated": 12,
    "datasets_failed": 0,
    "error": 0.0
  },
  "language": "python",
  "timestamp": 1770072082.059816,
  "saved_at": 1770072082.113699
}