{
  "id": "d17666a1-2109-4398-b494-884a1a4f7f34",
  "generation": 2,
  "iteration": 61,
  "current_iteration": 70,
  "metrics": {
    "beir_nfcorpus_ndcg@10": 0.33285216436112564,
    "beir_nfcorpus_recall@100": 0.26103714512561227,
    "beir_nfcorpus_index_time_ms": 4013.198041007854,
    "beir_nfcorpus_query_time_ms": 142.4557919963263,
    "beir_scifact_ndcg@10": 0.6856393497869459,
    "beir_scifact_recall@100": 0.9186666666666667,
    "beir_scifact_index_time_ms": 5704.488540999591,
    "beir_scifact_query_time_ms": 569.2541250027716,
    "bright_pony_ndcg@10": 0.10054157864393727,
    "bright_pony_recall@100": 0.284583203919384,
    "bright_pony_index_time_ms": 1561.5207079681568,
    "bright_pony_query_time_ms": 687.7407080028206,
    "beir_arguana_ndcg@10": 0.29764925064451114,
    "beir_arguana_recall@100": 0.9329050678087081,
    "beir_arguana_index_time_ms": 6817.412458010949,
    "beir_arguana_query_time_ms": 31617.309457971714,
    "bright_theoremqa_theorems_ndcg@10": 0.027049794794765145,
    "bright_theoremqa_theorems_recall@100": 0.1732456140350877,
    "bright_theoremqa_theorems_index_time_ms": 12645.188249996863,
    "bright_theoremqa_theorems_query_time_ms": 1253.6285410169512,
    "beir_scidocs_ndcg@10": 0.15269725935204273,
    "beir_scidocs_recall@100": 0.3538833333333333,
    "beir_scidocs_index_time_ms": 24340.59833304491,
    "beir_scidocs_query_time_ms": 5382.648999977391,
    "bright_economics_ndcg@10": 0.1476849376055312,
    "bright_economics_recall@100": 0.3698567912771761,
    "bright_economics_index_time_ms": 16657.371833978686,
    "bright_economics_query_time_ms": 5218.019417021424,
    "bright_biology_ndcg@10": 0.24604397891062452,
    "bright_biology_recall@100": 0.5277252129577117,
    "bright_biology_index_time_ms": 20165.06195900729,
    "bright_biology_query_time_ms": 3802.6982500450686,
    "beir_fiqa_ndcg@10": 0.2313917463332207,
    "beir_fiqa_recall@100": 0.526889292977256,
    "beir_fiqa_index_time_ms": 42407.39029197721,
    "beir_fiqa_query_time_ms": 7986.840832978487,
    "bright_earth_science_ndcg@10": 0.30206987782244255,
    "bright_earth_science_recall@100": 0.6553166157295014,
    "bright_earth_science_index_time_ms": 40816.599416022655,
    "bright_earth_science_query_time_ms": 5871.8917920487,
    "bright_stackoverflow_ndcg@10": 0.19748351618407298,
    "bright_stackoverflow_recall@100": 0.5198900383934351,
    "bright_stackoverflow_index_time_ms": 112668.7915000366,
    "bright_stackoverflow_query_time_ms": 11978.635041043162,
    "beir_trec-covid_ndcg@10": 0.7116032534226204,
    "beir_trec-covid_recall@100": 0.11883976607924497,
    "beir_trec-covid_index_time_ms": 167205.15462500043,
    "beir_trec-covid_query_time_ms": 1995.4325839644298,
    "avg_ndcg@10": 0.28605889232182,
    "avg_recall@100": 0.4702365623585931,
    "combined_score": 0.4334010283512385,
    "total_index_time_ms": 455002.7759570512,
    "total_query_time_ms": 76506.55554106925,
    "total_time_ms": 531509.3314981204,
    "datasets_evaluated": 12,
    "datasets_failed": 0,
    "error": 0.0
  },
  "language": "python",
  "timestamp": 1770061836.575479,
  "saved_at": 1770063905.270873
}