{
  "id": "eaf7143f-10ac-4e77-aba6-b60d11236efc",
  "generation": 6,
  "iteration": 182,
  "current_iteration": 200,
  "metrics": {
    "beir_nfcorpus_ndcg@10": 0.3203880846135265,
    "beir_nfcorpus_recall@100": 0.2551607807257212,
    "beir_nfcorpus_index_time_ms": 3639.1021250747144,
    "beir_nfcorpus_query_time_ms": 120.0655420543626,
    "beir_scifact_ndcg@10": 0.6787525782391998,
    "beir_scifact_recall@100": 0.9208888888888889,
    "beir_scifact_index_time_ms": 4888.13074992504,
    "beir_scifact_query_time_ms": 539.8271250305697,
    "bright_pony_ndcg@10": 0.09316485168557599,
    "bright_pony_recall@100": 0.31517460520928775,
    "bright_pony_index_time_ms": 1415.1112079853192,
    "bright_pony_query_time_ms": 797.1572499955073,
    "beir_arguana_ndcg@10": 0.2748315062435554,
    "beir_arguana_recall@100": 0.92790863668808,
    "beir_arguana_index_time_ms": 5933.277916978113,
    "beir_arguana_query_time_ms": 38327.864750055596,
    "bright_theoremqa_theorems_ndcg@10": 0.030078685664671336,
    "bright_theoremqa_theorems_recall@100": 0.1557017543859649,
    "bright_theoremqa_theorems_index_time_ms": 10788.92895905301,
    "bright_theoremqa_theorems_query_time_ms": 1514.7142499918118,
    "beir_scidocs_ndcg@10": 0.14303583763087538,
    "beir_scidocs_recall@100": 0.34758333333333336,
    "beir_scidocs_index_time_ms": 20002.718250034377,
    "beir_scidocs_query_time_ms": 4904.976750025526,
    "bright_economics_ndcg@10": 0.13979358032129405,
    "bright_economics_recall@100": 0.3876665608964054,
    "bright_economics_index_time_ms": 14348.744665971026,
    "bright_economics_query_time_ms": 4542.402125080116,
    "bright_biology_ndcg@10": 0.31345150496922686,
    "bright_biology_recall@100": 0.5986245486756473,
    "bright_biology_index_time_ms": 15615.939124953002,
    "bright_biology_query_time_ms": 4355.760582955554,
    "beir_fiqa_ndcg@10": 0.21463147548408068,
    "beir_fiqa_recall@100": 0.5157954228556081,
    "beir_fiqa_index_time_ms": 33822.45745800901,
    "beir_fiqa_query_time_ms": 8785.913291038014,
    "bright_earth_science_ndcg@10": 0.31949003386180996,
    "bright_earth_science_recall@100": 0.674012658671234,
    "bright_earth_science_index_time_ms": 32153.35295908153,
    "bright_earth_science_query_time_ms": 7479.818416992202,
    "bright_stackoverflow_ndcg@10": 0.1971410456587157,
    "bright_stackoverflow_recall@100": 0.491515774766764,
    "bright_stackoverflow_index_time_ms": 98966.8484160211,
    "bright_stackoverflow_query_time_ms": 16483.575667021796,
    "beir_trec-covid_ndcg@10": 0.639588008196149,
    "beir_trec-covid_recall@100": 0.11206918931933968,
    "beir_trec-covid_index_time_ms": 133963.51654198952,
    "beir_trec-covid_query_time_ms": 2076.4592080377042,
    "avg_ndcg@10": 0.28036226604739006,
    "avg_recall@100": 0.47517517953468963,
    "combined_score": 0.43621259683722974,
    "total_index_time_ms": 375538.12837507576,
    "total_query_time_ms": 89928.53495827876,
    "total_time_ms": 465466.6633333545,
    "datasets_evaluated": 12,
    "datasets_failed": 0,
    "error": 0.0
  },
  "language": "python",
  "timestamp": 1770390543.743594,
  "saved_at": 1770394898.4865458
}