{
  "id": "cf4a0b08-b117-4a11-9325-ef12755492c6",
  "generation": 3,
  "iteration": 15,
  "current_iteration": 15,
  "metrics": {
    "beir_nfcorpus_ndcg@10": 0.3158894386675682,
    "beir_nfcorpus_recall@100": 0.25430059091859286,
    "beir_nfcorpus_index_time_ms": 3494.2219160147943,
    "beir_nfcorpus_query_time_ms": 94.39104201737791,
    "beir_scifact_ndcg@10": 0.6771225343590295,
    "beir_scifact_recall@100": 0.9213333333333332,
    "beir_scifact_index_time_ms": 4885.114042030182,
    "beir_scifact_query_time_ms": 347.2954579629004,
    "bright_pony_ndcg@10": 0.10710372362840019,
    "bright_pony_recall@100": 0.2922940086138844,
    "bright_pony_index_time_ms": 1379.3461669702083,
    "bright_pony_query_time_ms": 456.5039579756558,
    "beir_arguana_ndcg@10": 0.27772809685992594,
    "beir_arguana_recall@100": 0.9107780157030693,
    "beir_arguana_index_time_ms": 5855.134750017896,
    "beir_arguana_query_time_ms": 17394.178084039595,
    "bright_theoremqa_theorems_ndcg@10": 0.028710959745902005,
    "bright_theoremqa_theorems_recall@100": 0.1337719298245614,
    "bright_theoremqa_theorems_index_time_ms": 10523.995666007977,
    "bright_theoremqa_theorems_query_time_ms": 779.1030000080355,
    "beir_scidocs_ndcg@10": 0.14525204392294253,
    "beir_scidocs_recall@100": 0.34078333333333344,
    "beir_scidocs_index_time_ms": 19155.392292013858,
    "beir_scidocs_query_time_ms": 3196.0695830057375,
    "bright_economics_ndcg@10": 0.15952245698912523,
    "bright_economics_recall@100": 0.3954519872153732,
    "bright_economics_index_time_ms": 14026.97387500666,
    "bright_economics_query_time_ms": 2103.851832973305,
    "bright_biology_ndcg@10": 0.23112242879795647,
    "bright_biology_recall@100": 0.48565685435894945,
    "bright_biology_index_time_ms": 14785.539665957913,
    "bright_biology_query_time_ms": 2088.9857500442304,
    "beir_fiqa_ndcg@10": 0.227271549718965,
    "beir_fiqa_recall@100": 0.5251158263889745,
    "beir_fiqa_index_time_ms": 32782.67624997534,
    "beir_fiqa_query_time_ms": 5551.523542031646,
    "bright_earth_science_ndcg@10": 0.34615687333016393,
    "bright_earth_science_recall@100": 0.6388247263927845,
    "bright_earth_science_index_time_ms": 31027.26929099299,
    "bright_earth_science_query_time_ms": 3509.8907500505447,
    "bright_stackoverflow_ndcg@10": 0.18016997945878635,
    "bright_stackoverflow_recall@100": 0.4464606539322338,
    "bright_stackoverflow_index_time_ms": 96836.63308399264,
    "bright_stackoverflow_query_time_ms": 7484.301416028757,
    "beir_trec-covid_ndcg@10": 0.6462970928147638,
    "beir_trec-covid_recall@100": 0.1040425245869219,
    "beir_trec-covid_index_time_ms": 128984.76904199924,
    "beir_trec-covid_query_time_ms": 1333.6252080043778,
    "avg_ndcg@10": 0.27852893152446073,
    "avg_recall@100": 0.454067815383501,
    "combined_score": 0.41896003861169295,
    "total_index_time_ms": 363737.0660409797,
    "total_query_time_ms": 44339.71962414216,
    "total_time_ms": 408076.78566512186,
    "datasets_evaluated": 12,
    "datasets_failed": 0,
    "error": 0.0
  },
  "language": "python",
  "timestamp": 1770034167.425088,
  "saved_at": 1770034167.459139
}