{"island_feature_maps": [{"5-0": "5cc78e58-a390-4380-bcf6-999d64ea0945", "9-5": "42e62210-d0d2-42e6-b8a7-5f7e3137df39", "9-0": "850c359a-19fb-41d7-b11a-793137b0d6d2", "9-6": "198d14a6-a30a-438c-8f50-bc1a495c6e81"}, {}, {}, {}], "islands": [["d6115c94-eef4-48ea-b096-fb041335d38c", "198d14a6-a30a-438c-8f50-bc1a495c6e81", "5cc78e58-a390-4380-bcf6-999d64ea0945", "42e62210-d0d2-42e6-b8a7-5f7e3137df39", "a309e23a-199c-4eca-b55c-4000e894e85d", "850c359a-19fb-41d7-b11a-793137b0d6d2"], [], [], []], "archive": ["d6115c94-eef4-48ea-b096-fb041335d38c", "198d14a6-a30a-438c-8f50-bc1a495c6e81", "5cc78e58-a390-4380-bcf6-999d64ea0945", "42e62210-d0d2-42e6-b8a7-5f7e3137df39", "a309e23a-199c-4eca-b55c-4000e894e85d", "850c359a-19fb-41d7-b11a-793137b0d6d2"], "best_program_id": "198d14a6-a30a-438c-8f50-bc1a495c6e81", "island_best_programs": ["198d14a6-a30a-438c-8f50-bc1a495c6e81", null, null, null], "last_iteration": 5, "current_island": 0, "island_generations": [5, 0, 0, 0], "last_migration_generation": 0, "feature_stats": {"complexity": {"min": 17881.0, "max": 21372.0, "values": [17881.0, 20259.0, 20043.0, 21337.0, 20259.0, 20259.0, 20043.0, 21337.0, 17881.0, 21372.0, 17881.0, 21372.0, 21337.0, 17881.0, 20259.0, 20043.0, 19791.0]}, "diversity": {"min": 385.64, "max": 886.8666666666667, "values": [667.8, 544.4, 628.2666666666665, 667.8, 667.8, 544.4, 628.2666666666665, 886.8666666666667, 425.7, 886.8666666666667, 425.7, 628.2666666666665, 886.8666666666667, 667.8, 544.4, 385.64]}}}