{
  "id": "06404d7b-d36b-4b8c-b3e3-65588c629b0b",
  "generation": 8,
  "iteration": 117,
  "current_iteration": 120,
  "metrics": {
    "bright_pony_ndcg@10": 0.10189566544743357,
    "bright_pony_recall@100": 0.2910164345449569,
    "bright_pony_index_time_ms": 1436.8697910103947,
    "bright_pony_query_time_ms": 598.0350419995375,
    "beir_nfcorpus_ndcg@10": 0.3209927569076926,
    "beir_nfcorpus_recall@100": 0.25557055765971176,
    "beir_nfcorpus_index_time_ms": 3861.29170798813,
    "beir_nfcorpus_query_time_ms": 108.48579101730138,
    "beir_scifact_ndcg@10": 0.6757178552383171,
    "beir_scifact_recall@100": 0.932,
    "beir_scifact_index_time_ms": 5037.169042014284,
    "beir_scifact_query_time_ms": 394.73016699776053,
    "beir_arguana_ndcg@10": 0.27947478680084137,
    "beir_arguana_recall@100": 0.9114917915774446,
    "beir_arguana_index_time_ms": 6429.801791004138,
    "beir_arguana_query_time_ms": 29602.29395798524,
    "bright_theoremqa_theorems_ndcg@10": 0.040423220229772364,
    "bright_theoremqa_theorems_recall@100": 0.15350877192982457,
    "bright_theoremqa_theorems_index_time_ms": 11061.825417011278,
    "bright_theoremqa_theorems_query_time_ms": 1337.4527080159169,
    "beir_scidocs_ndcg@10": 0.14338763587371925,
    "beir_scidocs_recall@100": 0.34358333333333335,
    "beir_scidocs_index_time_ms": 20424.154333013576,
    "beir_scidocs_query_time_ms": 3743.7196249957196,
    "bright_economics_ndcg@10": 0.14101591304484054,
    "bright_economics_recall@100": 0.390907487552556,
    "bright_economics_index_time_ms": 22252.141999982996,
    "bright_economics_query_time_ms": 3953.8070410198998,
    "bright_biology_ndcg@10": 0.24462672356871215,
    "bright_biology_recall@100": 0.5429384077570076,
    "bright_biology_index_time_ms": 23209.672333003255,
    "bright_biology_query_time_ms": 3676.819791988237,
    "bright_earth_science_ndcg@10": 0.3510645668918352,
    "bright_earth_science_recall@100": 0.6647502376631234,
    "bright_earth_science_index_time_ms": 43457.04224999645,
    "bright_earth_science_query_time_ms": 7364.10487498506,
    "beir_fiqa_ndcg@10": 0.22698557961966917,
    "beir_fiqa_recall@100": 0.5249265994636365,
    "beir_fiqa_index_time_ms": 48066.90545799211,
    "beir_fiqa_query_time_ms": 7517.083499988075,
    "bright_stackoverflow_ndcg@10": 0.1724747784934034,
    "bright_stackoverflow_recall@100": 0.49296548663986156,
    "bright_stackoverflow_index_time_ms": 113555.1873749937,
    "bright_stackoverflow_query_time_ms": 11592.487833026098,
    "beir_trec-covid_ndcg@10": 0.6214939754374251,
    "beir_trec-covid_recall@100": 0.1059340492869673,
    "beir_trec-covid_index_time_ms": 158377.57408301695,
    "beir_trec-covid_query_time_ms": 1507.0705830003135,
    "avg_ndcg@10": 0.2766294547961385,
    "avg_recall@100": 0.467466096450702,
    "combined_score": 0.4292987681197893,
    "total_index_time_ms": 457169.63558102725,
    "total_query_time_ms": 71396.09091501916,
    "total_time_ms": 528565.7264960464,
    "datasets_evaluated": 12,
    "datasets_failed": 0,
    "error": 0.0
  },
  "language": "python",
  "timestamp": 1770114893.358444,
  "saved_at": 1770115715.541706
}