{
  "id": "a338b65e-b4bf-481c-a82f-70465c09e8d5",
  "generation": 10,
  "iteration": 132,
  "current_iteration": 170,
  "metrics": {
    "beir_nfcorpus_ndcg@10": 0.31455332785941365,
    "beir_nfcorpus_recall@100": 0.25357946507586454,
    "beir_nfcorpus_index_time_ms": 3891.452042007586,
    "beir_nfcorpus_query_time_ms": 106.86941700987518,
    "bright_pony_ndcg@10": 0.09054787533594644,
    "bright_pony_recall@100": 0.3034001575327376,
    "bright_pony_index_time_ms": 1796.6660000092816,
    "bright_pony_query_time_ms": 507.5915830093436,
    "beir_scifact_ndcg@10": 0.678734003566366,
    "beir_scifact_recall@100": 0.93,
    "beir_scifact_index_time_ms": 5302.923624985851,
    "beir_scifact_query_time_ms": 338.58816599240527,
    "beir_arguana_ndcg@10": 0.2970988626964138,
    "beir_arguana_recall@100": 0.9350463954318344,
    "beir_arguana_index_time_ms": 6271.612500015181,
    "beir_arguana_query_time_ms": 21574.147000006633,
    "bright_theoremqa_theorems_ndcg@10": 0.03199924201862211,
    "bright_theoremqa_theorems_recall@100": 0.16228070175438594,
    "bright_theoremqa_theorems_index_time_ms": 11000.047458015615,
    "bright_theoremqa_theorems_query_time_ms": 907.3647079931106,
    "beir_scidocs_ndcg@10": 0.14152130583470668,
    "beir_scidocs_recall@100": 0.34156666666666674,
    "beir_scidocs_index_time_ms": 20508.025166986044,
    "beir_scidocs_query_time_ms": 3352.525666996371,
    "bright_biology_ndcg@10": 0.24904823360902437,
    "bright_biology_recall@100": 0.5240063689220562,
    "bright_biology_index_time_ms": 20628.174542012857,
    "bright_biology_query_time_ms": 2843.1253749877214,
    "bright_economics_ndcg@10": 0.1334345615579863,
    "bright_economics_recall@100": 0.40367433360940186,
    "bright_economics_index_time_ms": 22458.651124994503,
    "bright_economics_query_time_ms": 3045.109708007658,
    "beir_fiqa_ndcg@10": 0.23005034587382547,
    "beir_fiqa_recall@100": 0.5286737824932269,
    "beir_fiqa_index_time_ms": 46117.59012500988,
    "beir_fiqa_query_time_ms": 6520.755125005962,
    "bright_earth_science_ndcg@10": 0.35012406720356026,
    "bright_earth_science_recall@100": 0.6711701946218734,
    "bright_earth_science_index_time_ms": 46931.507667002734,
    "bright_earth_science_query_time_ms": 4830.224542005453,
    "bright_stackoverflow_ndcg@10": 0.177991455694105,
    "bright_stackoverflow_recall@100": 0.49175923317372117,
    "bright_stackoverflow_index_time_ms": 113192.57854201715,
    "bright_stackoverflow_query_time_ms": 9860.730082989903,
    "beir_trec-covid_ndcg@10": 0.5612041941054499,
    "beir_trec-covid_recall@100": 0.09794951548654779,
    "beir_trec-covid_index_time_ms": 158043.81091697724,
    "beir_trec-covid_query_time_ms": 1377.007125003729,
    "avg_ndcg@10": 0.2713589562796183,
    "avg_recall@100": 0.470258901230693,
    "combined_score": 0.43047891224047813,
    "total_index_time_ms": 456143.0397100339,
    "total_query_time_ms": 55264.038499008166,
    "total_time_ms": 511407.0782090421,
    "datasets_evaluated": 12,
    "datasets_failed": 0,
    "error": 0.0
  },
  "language": "python",
  "timestamp": 1770118983.306337,
  "saved_at": 1770129919.3923788
}