{
  "id": "e349091b-a7c8-45ad-b028-103c6f567ec7",
  "generation": 1,
  "iteration": 4,
  "current_iteration": 5,
  "metrics": {
    "beir_nfcorpus_ndcg@10": 0.31765477734999736,
    "beir_nfcorpus_recall@100": 0.25236958703415174,
    "beir_nfcorpus_index_time_ms": 3492.1345420298167,
    "beir_nfcorpus_query_time_ms": 92.25770796183497,
    "beir_scifact_ndcg@10": 0.6731305971603917,
    "beir_scifact_recall@100": 0.9185555555555556,
    "beir_scifact_index_time_ms": 4687.608541978989,
    "beir_scifact_query_time_ms": 336.055708990898,
    "bright_pony_ndcg@10": 0.07551430715184022,
    "bright_pony_recall@100": 0.24313927625457127,
    "bright_pony_index_time_ms": 1337.4504169914871,
    "bright_pony_query_time_ms": 424.8435830231756,
    "beir_arguana_ndcg@10": 0.2735125331262287,
    "beir_arguana_recall@100": 0.9143468950749465,
    "beir_arguana_index_time_ms": 5695.727250014897,
    "beir_arguana_query_time_ms": 18194.503125036135,
    "bright_theoremqa_theorems_ndcg@10": 0.020469789110699643,
    "bright_theoremqa_theorems_recall@100": 0.11622807017543858,
    "bright_theoremqa_theorems_index_time_ms": 10543.341666983906,
    "bright_theoremqa_theorems_query_time_ms": 766.38412498869,
    "beir_scidocs_ndcg@10": 0.1433510954766271,
    "beir_scidocs_recall@100": 0.33945000000000003,
    "beir_scidocs_index_time_ms": 19196.45866699284,
    "beir_scidocs_query_time_ms": 3062.7096249954775,
    "bright_economics_ndcg@10": 0.14132503416370487,
    "bright_economics_recall@100": 0.39113195499170433,
    "bright_economics_index_time_ms": 13557.026666007005,
    "bright_economics_query_time_ms": 2118.7634589732625,
    "bright_biology_ndcg@10": 0.270159992049492,
    "bright_biology_recall@100": 0.5208650204051328,
    "bright_biology_index_time_ms": 14394.618208985776,
    "bright_biology_query_time_ms": 2018.1063329800963,
    "beir_fiqa_ndcg@10": 0.20978503565009707,
    "beir_fiqa_recall@100": 0.49548007291062846,
    "beir_fiqa_index_time_ms": 32379.509249993134,
    "beir_fiqa_query_time_ms": 5402.750667009968,
    "bright_earth_science_ndcg@10": 0.30062401080678386,
    "bright_earth_science_recall@100": 0.6527910522125586,
    "bright_earth_science_index_time_ms": 30585.270082985517,
    "bright_earth_science_query_time_ms": 3474.5706669637,
    "bright_stackoverflow_ndcg@10": 0.1690586278293567,
    "bright_stackoverflow_recall@100": 0.4531600855327382,
    "bright_stackoverflow_index_time_ms": 97438.62858397188,
    "bright_stackoverflow_query_time_ms": 7382.8049169969745,
    "beir_trec-covid_ndcg@10": 0.6568236130004689,
    "beir_trec-covid_recall@100": 0.10654056229537305,
    "beir_trec-covid_index_time_ms": 129600.87262501474,
    "beir_trec-covid_query_time_ms": 1311.842290975619,
    "avg_ndcg@10": 0.2709507844063073,
    "avg_recall@100": 0.4503381777035665,
    "combined_score": 0.41446069904411464,
    "total_index_time_ms": 362908.64650195,
    "total_query_time_ms": 44585.59220889583,
    "total_time_ms": 407494.2387108458,
    "datasets_evaluated": 12,
    "datasets_failed": 0,
    "error": 0.0
  },
  "language": "python",
  "timestamp": 1770048751.277359,
  "saved_at": 1770048957.8915489
}