{
  "id": "f3dffafc-1e2c-43b7-bb2e-46f31d694f66",
  "generation": 7,
  "iteration": 85,
  "current_iteration": 110,
  "metrics": {
    "bright_pony_ndcg@10": 0.10206184664180705,
    "bright_pony_recall@100": 0.2906975569939365,
    "bright_pony_index_time_ms": 2814.695250010118,
    "bright_pony_query_time_ms": 728.9362090232316,
    "beir_nfcorpus_ndcg@10": 0.32031965547564933,
    "beir_nfcorpus_recall@100": 0.25537959946103456,
    "beir_nfcorpus_index_time_ms": 5952.539207995869,
    "beir_nfcorpus_query_time_ms": 115.67200001445599,
    "beir_scifact_ndcg@10": 0.6749297840095178,
    "beir_scifact_recall@100": 0.932,
    "beir_scifact_index_time_ms": 7417.527499987045,
    "beir_scifact_query_time_ms": 505.24358300026506,
    "beir_arguana_ndcg@10": 0.27947478680084137,
    "beir_arguana_recall@100": 0.9114917915774446,
    "beir_arguana_index_time_ms": 8825.63554198714,
    "beir_arguana_query_time_ms": 29731.26845798106,
    "bright_theoremqa_theorems_ndcg@10": 0.040423220229772364,
    "bright_theoremqa_theorems_recall@100": 0.15350877192982457,
    "bright_theoremqa_theorems_index_time_ms": 11461.64324998972,
    "bright_theoremqa_theorems_query_time_ms": 1165.0179169955663,
    "beir_scidocs_ndcg@10": 0.1433867630277631,
    "beir_scidocs_recall@100": 0.3433833333333333,
    "beir_scidocs_index_time_ms": 20593.14116698806,
    "beir_scidocs_query_time_ms": 3810.7339999987744,
    "bright_economics_ndcg@10": 0.14101591304484054,
    "bright_economics_recall@100": 0.390907487552556,
    "bright_economics_index_time_ms": 24458.706749981502,
    "bright_economics_query_time_ms": 4955.558832996758,
    "bright_biology_ndcg@10": 0.24159173800656875,
    "bright_biology_recall@100": 0.5429384077570076,
    "bright_biology_index_time_ms": 26345.595541992225,
    "bright_biology_query_time_ms": 5082.578832982108,
    "beir_fiqa_ndcg@10": 0.2268214967497152,
    "beir_fiqa_recall@100": 0.5266902678939717,
    "beir_fiqa_index_time_ms": 59649.121708003804,
    "beir_fiqa_query_time_ms": 9090.447624999797,
    "bright_earth_science_ndcg@10": 0.3512820756098711,
    "bright_earth_science_recall@100": 0.6647502376631234,
    "bright_earth_science_index_time_ms": 58394.96945802239,
    "bright_earth_science_query_time_ms": 9286.892833013553,
    "bright_stackoverflow_ndcg@10": 0.17344709762960303,
    "bright_stackoverflow_recall@100": 0.49296548663986156,
    "bright_stackoverflow_index_time_ms": 143139.97483300045,
    "bright_stackoverflow_query_time_ms": 13988.275624986272,
    "beir_trec-covid_ndcg@10": 0.6199564161995594,
    "beir_trec-covid_recall@100": 0.10520809943747642,
    "beir_trec-covid_index_time_ms": 203608.95591700682,
    "beir_trec-covid_query_time_ms": 2035.8014590165112,
    "avg_ndcg@10": 0.2762258994521257,
    "avg_recall@100": 0.46749342001996413,
    "combined_score": 0.4292399159063965,
    "total_index_time_ms": 572662.5061249651,
    "total_query_time_ms": 80496.42737500835,
    "total_time_ms": 653158.9334999735,
    "datasets_evaluated": 12,
    "datasets_failed": 0,
    "error": 0.0
  },
  "language": "python",
  "timestamp": 1770105758.2977211,
  "saved_at": 1770113016.326557
}