{
  "id": "c2e3b508-aabe-45ba-b724-8e1d5e690807",
  "generation": 4,
  "iteration": 23,
  "current_iteration": 25,
  "metrics": {
    "beir_nfcorpus_ndcg@10": 0.3188022910330906,
    "beir_nfcorpus_recall@100": 0.25497849599785904,
    "beir_nfcorpus_index_time_ms": 3536.195208958816,
    "beir_nfcorpus_query_time_ms": 104.88691600039601,
    "beir_scifact_ndcg@10": 0.6788913116522716,
    "beir_scifact_recall@100": 0.9213333333333332,
    "beir_scifact_index_time_ms": 4683.889500040095,
    "beir_scifact_query_time_ms": 377.21499998588115,
    "bright_pony_ndcg@10": 0.10299200122669659,
    "bright_pony_recall@100": 0.2884157145121717,
    "bright_pony_index_time_ms": 1351.346708019264,
    "bright_pony_query_time_ms": 478.1129580223933,
    "beir_arguana_ndcg@10": 0.2762340290972838,
    "beir_arguana_recall@100": 0.9122055674518201,
    "beir_arguana_index_time_ms": 5654.67241697479,
    "beir_arguana_query_time_ms": 21414.320374955423,
    "bright_theoremqa_theorems_ndcg@10": 0.026466872146561352,
    "bright_theoremqa_theorems_recall@100": 0.13815789473684212,
    "bright_theoremqa_theorems_index_time_ms": 10596.003583981656,
    "bright_theoremqa_theorems_query_time_ms": 922.4392500473186,
    "beir_scidocs_ndcg@10": 0.1461609435874939,
    "beir_scidocs_recall@100": 0.34371666666666667,
    "beir_scidocs_index_time_ms": 19430.06745900493,
    "beir_scidocs_query_time_ms": 3447.2729160333984,
    "bright_economics_ndcg@10": 0.16478043987466737,
    "bright_economics_recall@100": 0.3891256993356873,
    "bright_economics_index_time_ms": 13972.782291995827,
    "bright_economics_query_time_ms": 2544.583667011466,
    "bright_biology_ndcg@10": 0.242554960314585,
    "bright_biology_recall@100": 0.48889310031364197,
    "bright_biology_index_time_ms": 14827.449542004615,
    "bright_biology_query_time_ms": 2468.2880000327714,
    "beir_fiqa_ndcg@10": 0.22577823277948547,
    "beir_fiqa_recall@100": 0.5279487188052002,
    "beir_fiqa_index_time_ms": 32746.057167008985,
    "beir_fiqa_query_time_ms": 6245.7120409817435,
    "bright_earth_science_ndcg@10": 0.35849788604838606,
    "bright_earth_science_recall@100": 0.652063642648942,
    "bright_earth_science_index_time_ms": 30934.468334016856,
    "bright_earth_science_query_time_ms": 3988.725583010819,
    "bright_stackoverflow_ndcg@10": 0.18292601822266868,
    "bright_stackoverflow_recall@100": 0.4558647777431372,
    "bright_stackoverflow_index_time_ms": 97168.87033300009,
    "bright_stackoverflow_query_time_ms": 9139.052040991373,
    "beir_trec-covid_ndcg@10": 0.6603104155616804,
    "beir_trec-covid_recall@100": 0.10615158394914528,
    "beir_trec-covid_index_time_ms": 132465.07783298148,
    "beir_trec-covid_query_time_ms": 1429.0536670014262,
    "avg_ndcg@10": 0.28203295012873925,
    "avg_recall@100": 0.456571266291204,
    "combined_score": 0.4216636030587111,
    "total_index_time_ms": 367366.8803779874,
    "total_query_time_ms": 52559.66241407441,
    "total_time_ms": 419926.5427920618,
    "datasets_evaluated": 12,
    "datasets_failed": 0,
    "error": 0.0
  },
  "language": "python",
  "timestamp": 1770036165.3133671,
  "saved_at": 1770036651.066893
}