{
  "id": "6f6da41a-a370-49f7-b49d-4a4f0d8e2b45",
  "generation": 4,
  "iteration": 25,
  "current_iteration": 70,
  "metrics": {
    "beir_nfcorpus_ndcg@10": 0.3207337668588445,
    "beir_nfcorpus_recall@100": 0.2549170221474446,
    "beir_nfcorpus_index_time_ms": 3463.805375038646,
    "beir_nfcorpus_query_time_ms": 89.8134580347687,
    "beir_scifact_ndcg@10": 0.6764160257743307,
    "beir_scifact_recall@100": 0.9286666666666668,
    "beir_scifact_index_time_ms": 4671.283791016322,
    "beir_scifact_query_time_ms": 318.81316599901766,
    "bright_pony_ndcg@10": 0.07901463022176092,
    "bright_pony_recall@100": 0.2492953895338253,
    "bright_pony_index_time_ms": 1346.8923330074176,
    "bright_pony_query_time_ms": 385.2687499602325,
    "beir_arguana_ndcg@10": 0.30282758325566467,
    "beir_arguana_recall@100": 0.9357601713062098,
    "beir_arguana_index_time_ms": 5588.806124986149,
    "beir_arguana_query_time_ms": 17136.006749991793,
    "bright_theoremqa_theorems_ndcg@10": 0.02306362867398143,
    "bright_theoremqa_theorems_recall@100": 0.1337719298245614,
    "bright_theoremqa_theorems_index_time_ms": 10447.47129100142,
    "bright_theoremqa_theorems_query_time_ms": 730.1783329457976,
    "beir_scidocs_ndcg@10": 0.1491297376757185,
    "beir_scidocs_recall@100": 0.34741666666666665,
    "beir_scidocs_index_time_ms": 19067.473167029675,
    "beir_scidocs_query_time_ms": 2905.870207992848,
    "bright_economics_ndcg@10": 0.169857562427546,
    "bright_economics_recall@100": 0.4016863347391702,
    "bright_economics_index_time_ms": 13408.61845802283,
    "bright_economics_query_time_ms": 2048.736958007794,
    "bright_biology_ndcg@10": 0.18345044097664512,
    "bright_biology_recall@100": 0.43204831845608543,
    "bright_biology_index_time_ms": 14665.23641598178,
    "bright_biology_query_time_ms": 1938.5631250333972,
    "beir_fiqa_ndcg@10": 0.2386238504956095,
    "beir_fiqa_recall@100": 0.541867002167928,
    "beir_fiqa_index_time_ms": 32123.935791954864,
    "beir_fiqa_query_time_ms": 4952.283916005399,
    "bright_earth_science_ndcg@10": 0.3119299806656771,
    "bright_earth_science_recall@100": 0.6112948089921775,
    "bright_earth_science_index_time_ms": 29500.341542006936,
    "bright_earth_science_query_time_ms": 3362.923624983523,
    "bright_stackoverflow_ndcg@10": 0.18531898919552964,
    "bright_stackoverflow_recall@100": 0.469874789493262,
    "bright_stackoverflow_index_time_ms": 97956.56058302848,
    "bright_stackoverflow_query_time_ms": 7139.841333031654,
    "beir_trec-covid_ndcg@10": 0.6499757943473901,
    "beir_trec-covid_recall@100": 0.10608834958085406,
    "beir_trec-covid_index_time_ms": 132482.698332984,
    "beir_trec-covid_query_time_ms": 1262.7252499805763,
    "avg_ndcg@10": 0.27419516588072484,
    "avg_recall@100": 0.4510572874645709,
    "combined_score": 0.41568486314780173,
    "total_index_time_ms": 364723.1232060585,
    "total_query_time_ms": 42271.0248719668,
    "total_time_ms": 406994.1480780253,
    "datasets_evaluated": 12,
    "datasets_failed": 0,
    "error": 0.0
  },
  "language": "python",
  "timestamp": 1770021785.288308,
  "saved_at": 1770030493.6256158
}