{
  "id": "b37ae06a-63f6-4c31-9721-309746e6fbc7",
  "generation": 9,
  "iteration": 129,
  "current_iteration": 130,
  "metrics": {
    "beir_nfcorpus_ndcg@10": 0.31742044221832977,
    "beir_nfcorpus_recall@100": 0.25425230387056674,
    "beir_nfcorpus_index_time_ms": 3869.408041005954,
    "beir_nfcorpus_query_time_ms": 157.99241702188738,
    "bright_pony_ndcg@10": 0.08831939228304377,
    "bright_pony_recall@100": 0.29450063814291294,
    "bright_pony_index_time_ms": 1693.3144580107182,
    "bright_pony_query_time_ms": 565.2502499870025,
    "beir_scifact_ndcg@10": 0.6786990193358997,
    "beir_scifact_recall@100": 0.9333333333333333,
    "beir_scifact_index_time_ms": 5183.679291018052,
    "beir_scifact_query_time_ms": 347.84679202130064,
    "beir_arguana_ndcg@10": 0.29710978851277986,
    "beir_arguana_recall@100": 0.9350463954318344,
    "beir_arguana_index_time_ms": 6363.7125410023145,
    "beir_arguana_query_time_ms": 21581.710458995076,
    "bright_theoremqa_theorems_ndcg@10": 0.03214339983403284,
    "bright_theoremqa_theorems_recall@100": 0.16228070175438594,
    "bright_theoremqa_theorems_index_time_ms": 10975.161999987904,
    "bright_theoremqa_theorems_query_time_ms": 903.9419160108082,
    "beir_scidocs_ndcg@10": 0.14249321471711743,
    "beir_scidocs_recall@100": 0.3438166666666667,
    "beir_scidocs_index_time_ms": 19887.363459012704,
    "beir_scidocs_query_time_ms": 3393.2400410121772,
    "bright_economics_ndcg@10": 0.1378720742700584,
    "bright_economics_recall@100": 0.40138648215866596,
    "bright_economics_index_time_ms": 18808.22858400643,
    "bright_economics_query_time_ms": 2988.683374976972,
    "bright_biology_ndcg@10": 0.24119464773958527,
    "bright_biology_recall@100": 0.5191519999900174,
    "bright_biology_index_time_ms": 21750.637291988824,
    "bright_biology_query_time_ms": 2690.704208012903,
    "beir_fiqa_ndcg@10": 0.2315634826397288,
    "beir_fiqa_recall@100": 0.5332856529615789,
    "beir_fiqa_index_time_ms": 42870.38333300734,
    "beir_fiqa_query_time_ms": 6278.185375005705,
    "bright_earth_science_ndcg@10": 0.3553115616158419,
    "bright_earth_science_recall@100": 0.6647046773804941,
    "bright_earth_science_index_time_ms": 46361.95320900879,
    "bright_earth_science_query_time_ms": 4651.926833001198,
    "bright_stackoverflow_ndcg@10": 0.17946754795103553,
    "bright_stackoverflow_recall@100": 0.48791407281651794,
    "bright_stackoverflow_index_time_ms": 110902.29741702206,
    "bright_stackoverflow_query_time_ms": 9752.567582996562,
    "beir_trec-covid_ndcg@10": 0.57890195074689,
    "beir_trec-covid_recall@100": 0.10030087106937359,
    "beir_trec-covid_index_time_ms": 154719.760707987,
    "beir_trec-covid_query_time_ms": 1408.5600419784896,
    "avg_ndcg@10": 0.2733747101553619,
    "avg_recall@100": 0.4691644829646957,
    "combined_score": 0.43000652840282894,
    "total_index_time_ms": 443385.9003330581,
    "total_query_time_ms": 54720.60929102008,
    "total_time_ms": 498106.5096240782,
    "datasets_evaluated": 12,
    "datasets_failed": 0,
    "error": 0.0
  },
  "language": "python",
  "timestamp": 1770118198.361444,
  "saved_at": 1770118475.046742
}