{
  "id": "3da22f04-7760-4712-ac44-9ba38d8e9004",
  "generation": 4,
  "iteration": 39,
  "current_iteration": 55,
  "metrics": {
    "beir_nfcorpus_ndcg@10": 0.3200468649013623,
    "beir_nfcorpus_recall@100": 0.25527972929225395,
    "beir_nfcorpus_index_time_ms": 3730.9816670021974,
    "beir_nfcorpus_query_time_ms": 104.74454198265448,
    "bright_pony_ndcg@10": 0.10206184664180705,
    "bright_pony_recall@100": 0.2906975569939365,
    "bright_pony_index_time_ms": 1504.448666004464,
    "bright_pony_query_time_ms": 586.403541994514,
    "beir_scifact_ndcg@10": 0.6749924182626882,
    "beir_scifact_recall@100": 0.932,
    "beir_scifact_index_time_ms": 5022.029166022548,
    "beir_scifact_query_time_ms": 374.3780410150066,
    "beir_arguana_ndcg@10": 0.27897096168745067,
    "beir_arguana_recall@100": 0.9114917915774446,
    "beir_arguana_index_time_ms": 6018.225208012154,
    "beir_arguana_query_time_ms": 29252.28425001842,
    "bright_theoremqa_theorems_ndcg@10": 0.040423220229772364,
    "bright_theoremqa_theorems_recall@100": 0.15350877192982457,
    "bright_theoremqa_theorems_index_time_ms": 10863.940458017169,
    "bright_theoremqa_theorems_query_time_ms": 1203.9313330024015,
    "beir_scidocs_ndcg@10": 0.14317869851971954,
    "beir_scidocs_recall@100": 0.34298333333333336,
    "beir_scidocs_index_time_ms": 19813.92529202276,
    "beir_scidocs_query_time_ms": 3647.5089589948766,
    "bright_economics_ndcg@10": 0.14096139848729317,
    "bright_economics_recall@100": 0.390907487552556,
    "bright_economics_index_time_ms": 17039.452458993765,
    "bright_economics_query_time_ms": 3852.5785419915337,
    "bright_biology_ndcg@10": 0.24327326048284922,
    "bright_biology_recall@100": 0.545365592223027,
    "bright_biology_index_time_ms": 20535.623042000225,
    "bright_biology_query_time_ms": 3441.96137500694,
    "beir_fiqa_ndcg@10": 0.22599243658671295,
    "beir_fiqa_recall@100": 0.5253013790050827,
    "beir_fiqa_index_time_ms": 43185.21604099078,
    "beir_fiqa_query_time_ms": 7016.158082988113,
    "bright_earth_science_ndcg@10": 0.3513546941933217,
    "bright_earth_science_recall@100": 0.6647502376631234,
    "bright_earth_science_index_time_ms": 45724.76408298826,
    "bright_earth_science_query_time_ms": 6465.890708990628,
    "bright_stackoverflow_ndcg@10": 0.17266920793762008,
    "bright_stackoverflow_recall@100": 0.49296548663986156,
    "bright_stackoverflow_index_time_ms": 111039.5411659847,
    "bright_stackoverflow_query_time_ms": 10289.653624990024,
    "beir_trec-covid_ndcg@10": 0.6185599747268605,
    "beir_trec-covid_recall@100": 0.10472873117470223,
    "beir_trec-covid_index_time_ms": 150803.10637500952,
    "beir_trec-covid_query_time_ms": 1551.8009999941569,
    "avg_ndcg@10": 0.2760404152214548,
    "avg_recall@100": 0.4674983414487622,
    "combined_score": 0.42920675620330073,
    "total_index_time_ms": 435281.25362304854,
    "total_query_time_ms": 67787.29400096927,
    "total_time_ms": 503068.5476240178,
    "datasets_evaluated": 12,
    "datasets_failed": 0,
    "error": 0.0
  },
  "language": "python",
  "timestamp": 1770076872.371026,
  "saved_at": 1770081495.422078
}