{
  "id": "d5b50983-926c-411c-a1ca-12ac211f9cb9",
  "generation": 3,
  "iteration": 25,
  "current_iteration": 25,
  "metrics": {
    "beir_nfcorpus_ndcg@10": 0.3296747548172297,
    "beir_nfcorpus_recall@100": 0.2562004728827743,
    "beir_nfcorpus_index_time_ms": 3713.819291035179,
    "beir_nfcorpus_query_time_ms": 101.752916991245,
    "beir_scifact_ndcg@10": 0.6813602235857282,
    "beir_scifact_recall@100": 0.9142222222222222,
    "beir_scifact_index_time_ms": 5040.899459039792,
    "beir_scifact_query_time_ms": 402.5420409743674,
    "bright_pony_ndcg@10": 0.100312522814092,
    "bright_pony_recall@100": 0.2847275497108469,
    "bright_pony_index_time_ms": 1499.6319580241106,
    "bright_pony_query_time_ms": 489.76491700159386,
    "beir_arguana_ndcg@10": 0.289886739356627,
    "beir_arguana_recall@100": 0.9193433261955746,
    "beir_arguana_index_time_ms": 6063.926542003173,
    "beir_arguana_query_time_ms": 22360.262875037733,
    "bright_theoremqa_theorems_ndcg@10": 0.028886819541850104,
    "bright_theoremqa_theorems_recall@100": 0.15350877192982457,
    "bright_theoremqa_theorems_index_time_ms": 11132.168749987613,
    "bright_theoremqa_theorems_query_time_ms": 937.0959579828195,
    "beir_scidocs_ndcg@10": 0.15200848616625756,
    "beir_scidocs_recall@100": 0.35420000000000007,
    "beir_scidocs_index_time_ms": 20489.399834012147,
    "beir_scidocs_query_time_ms": 3753.575542010367,
    "bright_economics_ndcg@10": 0.1493053365707652,
    "bright_economics_recall@100": 0.3667109689242841,
    "bright_economics_index_time_ms": 15249.535457987804,
    "bright_economics_query_time_ms": 2662.4329169862904,
    "bright_biology_ndcg@10": 0.2411705052359574,
    "bright_biology_recall@100": 0.516858239699323,
    "bright_biology_index_time_ms": 17107.58304200135,
    "bright_biology_query_time_ms": 2513.019875041209,
    "beir_fiqa_ndcg@10": 0.22848778034413766,
    "beir_fiqa_recall@100": 0.5185094183936776,
    "beir_fiqa_index_time_ms": 37245.23254198721,
    "beir_fiqa_query_time_ms": 6213.11875001993,
    "bright_earth_science_ndcg@10": 0.30094280772405974,
    "bright_earth_science_recall@100": 0.642689731119858,
    "bright_earth_science_index_time_ms": 34468.67437497713,
    "bright_earth_science_query_time_ms": 4001.529166009277,
    "bright_stackoverflow_ndcg@10": 0.19363428747907888,
    "bright_stackoverflow_recall@100": 0.5094011019592574,
    "bright_stackoverflow_index_time_ms": 103291.26016702503,
    "bright_stackoverflow_query_time_ms": 8714.965332997963,
    "beir_trec-covid_ndcg@10": 0.711256054272641,
    "beir_trec-covid_recall@100": 0.11625384058034709,
    "beir_trec-covid_index_time_ms": 139683.68474999443,
    "beir_trec-covid_query_time_ms": 1477.9167500091717,
    "avg_ndcg@10": 0.28391052649236875,
    "avg_recall@100": 0.4627188036348325,
    "combined_score": 0.4269571482063398,
    "total_index_time_ms": 394985.81616807496,
    "total_query_time_ms": 53627.97704106197,
    "total_time_ms": 448613.79320913693,
    "datasets_evaluated": 12,
    "datasets_failed": 0,
    "error": 0.0
  },
  "language": "python",
  "timestamp": 1770053532.97614,
  "saved_at": 1770053533.012792
}