{
  "id": "643e4323-1942-48c7-9f48-4d3183960efa",
  "generation": 10,
  "iteration": 178,
  "current_iteration": 185,
  "metrics": {
    "beir_nfcorpus_ndcg@10": 0.3170409922850001,
    "beir_nfcorpus_recall@100": 0.25411012251035875,
    "beir_nfcorpus_index_time_ms": 3802.055709005799,
    "beir_nfcorpus_query_time_ms": 108.02866698941216,
    "bright_pony_ndcg@10": 0.08740624024583735,
    "bright_pony_recall@100": 0.2871442672382011,
    "bright_pony_index_time_ms": 1554.4985420128796,
    "bright_pony_query_time_ms": 529.1542080231011,
    "beir_scifact_ndcg@10": 0.6797841843893838,
    "beir_scifact_recall@100": 0.9326666666666668,
    "beir_scifact_index_time_ms": 5072.292374999961,
    "beir_scifact_query_time_ms": 370.11833299766295,
    "beir_arguana_ndcg@10": 0.3035238465531111,
    "beir_arguana_recall@100": 0.9400428265524625,
    "beir_arguana_index_time_ms": 6152.495708985953,
    "beir_arguana_query_time_ms": 21875.234917009948,
    "bright_theoremqa_theorems_ndcg@10": 0.03199924201862211,
    "bright_theoremqa_theorems_recall@100": 0.16228070175438594,
    "bright_theoremqa_theorems_index_time_ms": 11630.882709025173,
    "bright_theoremqa_theorems_query_time_ms": 934.976958000334,
    "beir_scidocs_ndcg@10": 0.14503911386557097,
    "beir_scidocs_recall@100": 0.3477166666666666,
    "beir_scidocs_index_time_ms": 20642.6137079834,
    "beir_scidocs_query_time_ms": 3435.4118339833803,
    "bright_economics_ndcg@10": 0.1382949241382998,
    "bright_economics_recall@100": 0.3916411700432796,
    "bright_economics_index_time_ms": 18080.545957986033,
    "bright_economics_query_time_ms": 3035.295917012263,
    "bright_biology_ndcg@10": 0.23384271003250295,
    "bright_biology_recall@100": 0.5157539417375901,
    "bright_biology_index_time_ms": 23794.271084014326,
    "bright_biology_query_time_ms": 2809.104625019245,
    "beir_fiqa_ndcg@10": 0.23621248425094113,
    "beir_fiqa_recall@100": 0.5391645477293625,
    "beir_fiqa_index_time_ms": 45663.52016699966,
    "beir_fiqa_query_time_ms": 6264.174708019709,
    "bright_earth_science_ndcg@10": 0.3518408544668704,
    "bright_earth_science_recall@100": 0.6603856247855794,
    "bright_earth_science_index_time_ms": 46990.01087498618,
    "bright_earth_science_query_time_ms": 4634.737374988617,
    "bright_stackoverflow_ndcg@10": 0.1768365481443631,
    "bright_stackoverflow_recall@100": 0.5010267910574413,
    "bright_stackoverflow_index_time_ms": 112633.84033399052,
    "bright_stackoverflow_query_time_ms": 10255.196208017878,
    "beir_trec-covid_ndcg@10": 0.5944248117811075,
    "beir_trec-covid_recall@100": 0.10143619025764629,
    "beir_trec-covid_index_time_ms": 153977.59704099735,
    "beir_trec-covid_query_time_ms": 1362.3363749939017,
    "avg_ndcg@10": 0.2746871626809675,
    "avg_recall@100": 0.4694474597499701,
    "combined_score": 0.43049540033616956,
    "total_index_time_ms": 449994.62421098724,
    "total_query_time_ms": 55613.77012505545,
    "total_time_ms": 505608.3943360427,
    "datasets_evaluated": 12,
    "datasets_failed": 0,
    "error": 0.0
  },
  "language": "python",
  "timestamp": 1770131993.042901,
  "saved_at": 1770133853.817347
}