{
  "id": "35f756d5-1f54-49e8-9ca1-eb8126ae521e",
  "generation": 3,
  "iteration": 18,
  "current_iteration": 20,
  "metrics": {
    "beir_nfcorpus_ndcg@10": 0.31285695752673803,
    "beir_nfcorpus_recall@100": 0.2526688855802255,
    "beir_nfcorpus_index_time_ms": 3520.003167039249,
    "beir_nfcorpus_query_time_ms": 137.0053329737857,
    "beir_scifact_ndcg@10": 0.6744973133090512,
    "beir_scifact_recall@100": 0.9246666666666666,
    "beir_scifact_index_time_ms": 4760.700999991968,
    "beir_scifact_query_time_ms": 507.42683303542435,
    "bright_pony_ndcg@10": 0.13572405408125873,
    "bright_pony_recall@100": 0.335838055814202,
    "bright_pony_index_time_ms": 1359.2910830047913,
    "bright_pony_query_time_ms": 694.446292007342,
    "beir_arguana_ndcg@10": 0.2585690294338941,
    "beir_arguana_recall@100": 0.8772305496074233,
    "beir_arguana_index_time_ms": 5731.200415990315,
    "beir_arguana_query_time_ms": 30920.4169579898,
    "bright_theoremqa_theorems_ndcg@10": 0.03277147061597651,
    "bright_theoremqa_theorems_recall@100": 0.1469298245614035,
    "bright_theoremqa_theorems_index_time_ms": 10676.465958007611,
    "bright_theoremqa_theorems_query_time_ms": 1257.0522089954466,
    "beir_scidocs_ndcg@10": 0.1420049292460729,
    "beir_scidocs_recall@100": 0.3352333333333333,
    "beir_scidocs_index_time_ms": 19463.89487502165,
    "beir_scidocs_query_time_ms": 4226.372374978382,
    "bright_economics_ndcg@10": 0.13308117641279757,
    "bright_economics_recall@100": 0.36799415975503,
    "bright_economics_index_time_ms": 13685.917375027202,
    "bright_economics_query_time_ms": 3549.7434999560937,
    "bright_biology_ndcg@10": 0.26103267745574493,
    "bright_biology_recall@100": 0.5386773505833291,
    "bright_biology_index_time_ms": 14416.454624966718,
    "bright_biology_query_time_ms": 3394.039375009015,
    "beir_fiqa_ndcg@10": 0.22115487565403383,
    "beir_fiqa_recall@100": 0.520589077417781,
    "beir_fiqa_index_time_ms": 32654.867125034798,
    "beir_fiqa_query_time_ms": 7131.031957978848,
    "bright_earth_science_ndcg@10": 0.3279504811899563,
    "bright_earth_science_recall@100": 0.646552714400945,
    "bright_earth_science_index_time_ms": 31043.142499984242,
    "bright_earth_science_query_time_ms": 5715.532875037752,
    "bright_stackoverflow_ndcg@10": 0.17466858955212056,
    "bright_stackoverflow_recall@100": 0.43705653012133033,
    "bright_stackoverflow_index_time_ms": 97991.08229199192,
    "bright_stackoverflow_query_time_ms": 12480.23824999109,
    "beir_trec-covid_ndcg@10": 0.6229570476063649,
    "beir_trec-covid_recall@100": 0.10071059478520054,
    "beir_trec-covid_index_time_ms": 132789.97970803175,
    "beir_trec-covid_query_time_ms": 1687.2443340253085,
    "avg_ndcg@10": 0.2747723835070008,
    "avg_recall@100": 0.4570123118855726,
    "combined_score": 0.4205643262098583,
    "total_index_time_ms": 368093.0001240922,
    "total_query_time_ms": 71700.55029197829,
    "total_time_ms": 439793.5504160705,
    "datasets_evaluated": 12,
    "datasets_failed": 0,
    "error": 0.0
  },
  "language": "python",
  "timestamp": 1770034876.212533,
  "saved_at": 1770035371.872461
}