{
  "id": "1ebd43a9-babc-4131-b29a-b7a3077c2c16",
  "generation": 4,
  "iteration": 39,
  "current_iteration": 40,
  "metrics": {
    "beir_nfcorpus_ndcg@10": 0.329815508683185,
    "beir_nfcorpus_recall@100": 0.25530685132266007,
    "beir_nfcorpus_index_time_ms": 3517.054791969713,
    "beir_nfcorpus_query_time_ms": 97.2534169559367,
    "beir_scifact_ndcg@10": 0.6831089618375992,
    "beir_scifact_recall@100": 0.9175555555555555,
    "beir_scifact_index_time_ms": 4740.221457963344,
    "beir_scifact_query_time_ms": 366.75854201894253,
    "bright_pony_ndcg@10": 0.10267982556099446,
    "bright_pony_recall@100": 0.28588606407092837,
    "bright_pony_index_time_ms": 1333.1665000296198,
    "bright_pony_query_time_ms": 470.3837080160156,
    "beir_arguana_ndcg@10": 0.2932911388591261,
    "beir_arguana_recall@100": 0.9271948608137045,
    "beir_arguana_index_time_ms": 5770.045374985784,
    "beir_arguana_query_time_ms": 20647.71429094253,
    "bright_theoremqa_theorems_ndcg@10": 0.029943124947795007,
    "bright_theoremqa_theorems_recall@100": 0.17105263157894737,
    "bright_theoremqa_theorems_index_time_ms": 10363.644958997611,
    "bright_theoremqa_theorems_query_time_ms": 884.4020410324447,
    "beir_scidocs_ndcg@10": 0.15171652109548403,
    "beir_scidocs_recall@100": 0.35380000000000006,
    "beir_scidocs_index_time_ms": 19048.106624977663,
    "beir_scidocs_query_time_ms": 3445.9501249948516,
    "bright_economics_ndcg@10": 0.14927976923818811,
    "bright_economics_recall@100": 0.36809793147629516,
    "bright_economics_index_time_ms": 13778.328374959528,
    "bright_economics_query_time_ms": 2356.064624967985,
    "bright_biology_ndcg@10": 0.24031291702971583,
    "bright_biology_recall@100": 0.5120038707672842,
    "bright_biology_index_time_ms": 13920.906833023764,
    "bright_biology_query_time_ms": 2267.3362079658546,
    "beir_fiqa_ndcg@10": 0.22720563793731602,
    "beir_fiqa_recall@100": 0.5236999925657333,
    "beir_fiqa_index_time_ms": 32521.0101249977,
    "beir_fiqa_query_time_ms": 6288.915875018574,
    "bright_earth_science_ndcg@10": 0.30093796100717723,
    "bright_earth_science_recall@100": 0.642689731119858,
    "bright_earth_science_index_time_ms": 30549.106166989077,
    "bright_earth_science_query_time_ms": 3950.421790999826,
    "bright_stackoverflow_ndcg@10": 0.19410178528456054,
    "bright_stackoverflow_recall@100": 0.5104859145825316,
    "bright_stackoverflow_index_time_ms": 97706.74829202471,
    "bright_stackoverflow_query_time_ms": 8740.621000004467,
    "beir_trec-covid_ndcg@10": 0.6983300545591231,
    "beir_trec-covid_recall@100": 0.11518264155246989,
    "beir_trec-covid_index_time_ms": 131555.24387501646,
    "beir_trec-covid_query_time_ms": 1512.882790993899,
    "avg_ndcg@10": 0.2833936005033553,
    "avg_recall@100": 0.465246337117164,
    "combined_score": 0.42887578979440233,
    "total_index_time_ms": 364803.583375935,
    "total_query_time_ms": 51028.70441391133,
    "total_time_ms": 415832.2877898463,
    "datasets_evaluated": 12,
    "datasets_failed": 0,
    "error": 0.0
  },
  "language": "python",
  "timestamp": 1770056670.293657,
  "saved_at": 1770056882.225727
}