{
  "id": "98708a55-dcbc-4291-994a-9d08bcd39ba5",
  "generation": 7,
  "iteration": 293,
  "timestamp": 1770324265.614957,
  "parent_id": "05856f5c-ffa3-42b7-9d78-d13850548906",
  "metrics": {
    "beir_nfcorpus_ndcg@10": 0.33506673295363204,
    "beir_nfcorpus_recall@100": 0.26003253344839744,
    "beir_nfcorpus_index_time_ms": 10246.733832987957,
    "beir_nfcorpus_query_time_ms": 752.244665985927,
    "bright_pony_ndcg@10": 0.10121237106725912,
    "bright_pony_recall@100": 0.30997414613721,
    "bright_pony_index_time_ms": 3346.5817080577835,
    "bright_pony_query_time_ms": 2830.7280000299215,
    "beir_scifact_ndcg@10": 0.6882257610537782,
    "beir_scifact_recall@100": 0.9433333333333334,
    "beir_scifact_index_time_ms": 13953.192583983764,
    "beir_scifact_query_time_ms": 3253.29433393199,
    "beir_arguana_ndcg@10": 0.3084257470917469,
    "beir_arguana_recall@100": 0.9357601713062098,
    "beir_arguana_index_time_ms": 17474.738375050947,
    "beir_arguana_query_time_ms": 169437.81804095488,
    "bright_theoremqa_theorems_ndcg@10": 0.03550632602387539,
    "bright_theoremqa_theorems_recall@100": 0.19517543859649122,
    "bright_theoremqa_theorems_index_time_ms": 25603.84212504141,
    "bright_theoremqa_theorems_query_time_ms": 6453.988500055857,
    "beir_scidocs_ndcg@10": 0.15763095939908328,
    "beir_scidocs_recall@100": 0.36275,
    "beir_scidocs_index_time_ms": 61245.232334011234,
    "beir_scidocs_query_time_ms": 34769.69320804346,
    "bright_economics_ndcg@10": 0.14836417746472097,
    "bright_economics_recall@100": 0.3872403437679638,
    "bright_economics_index_time_ms": 46645.93087497633,
    "bright_economics_query_time_ms": 30075.623207958415,
    "bright_biology_ndcg@10": 0.24608458384849977,
    "bright_biology_recall@100": 0.5593966244962668,
    "bright_biology_index_time_ms": 54568.1228749454,
    "bright_biology_query_time_ms": 27058.27679205686,
    "beir_fiqa_ndcg@10": 0.24435811587478606,
    "beir_fiqa_recall@100": 0.5453992381075714,
    "beir_fiqa_index_time_ms": 137787.40841697436,
    "beir_fiqa_query_time_ms": 49444.832208100706,
    "bright_earth_science_ndcg@10": 0.32951468759290975,
    "bright_earth_science_recall@100": 0.665310955680738,
    "bright_earth_science_index_time_ms": 133660.55704199243,
    "bright_earth_science_query_time_ms": 73596.86104208231,
    "bright_stackoverflow_ndcg@10": 0.20977849915567912,
    "bright_stackoverflow_recall@100": 0.5181570663512153,
    "bright_stackoverflow_index_time_ms": 382896.90149994567,
    "bright_stackoverflow_query_time_ms": 96497.01991700567,
    "beir_trec-covid_ndcg@10": 0.6965306497920999,
    "beir_trec-covid_recall@100": 0.11948235662144248,
    "beir_trec-covid_index_time_ms": 672206.3938750653,
    "beir_trec-covid_query_time_ms": 11080.171374953352,
    "avg_ndcg@10": 0.29172488427650584,
    "avg_recall@100": 0.48350101732057,
    "combined_score": 0.4451457907117572,
    "total_index_time_ms": 1559635.6355430325,
    "total_query_time_ms": 505250.55129115935,
    "total_time_ms": 2064886.186834192,
    "datasets_evaluated": 12,
    "datasets_failed": 0,
    "error": 0.0
  },
  "language": "python",
  "saved_at": 1770332997.604987
}