{
  "beir_nfcorpus_ndcg@10": 0.321360171091547,
  "beir_nfcorpus_recall@1000": 0.43111893706866566,
  "beir_nfcorpus_recall@100": 0.43111893706866566,
  "beir_nfcorpus_index_time_ms": 3416.5897089987993,
  "beir_nfcorpus_query_time_ms": 68.42508306726813,
  "beir_nfcorpus_query_latency_median_ms": 0.15845801681280136,
  "beir_scifact_ndcg@10": 0.6651137930549094,
  "beir_scifact_recall@1000": 0.9785714285714285,
  "beir_scifact_recall@100": 0.9785714285714285,
  "beir_scifact_index_time_ms": 4647.45995902922,
  "beir_scifact_query_time_ms": 208.9216250460595,
  "beir_scifact_query_latency_median_ms": 0.6736459909006953,
  "bright_pony_ndcg@10": 0.09160743191042744,
  "bright_pony_recall@1000": 0.8466013189175063,
  "bright_pony_recall@100": 0.8466013189175063,
  "bright_pony_index_time_ms": 1346.506541944109,
  "bright_pony_query_time_ms": 233.6242909077555,
  "bright_pony_query_latency_median_ms": 2.067624998744577,
  "beir_arguana_ndcg@10": 0.2884876716519019,
  "beir_arguana_recall@1000": 0.9891383055756698,
  "beir_arguana_recall@100": 0.9891383055756698,
  "beir_arguana_index_time_ms": 5630.820083082654,
  "beir_arguana_query_time_ms": 9644.136124989018,
  "beir_arguana_query_latency_median_ms": 6.572228972800076,
  "bright_theoremqa_theorems_ndcg@10": 0.04039698951255403,
  "bright_theoremqa_theorems_recall@1000": 0.36160714285714285,
  "bright_theoremqa_theorems_recall@100": 0.36160714285714285,
  "bright_theoremqa_theorems_index_time_ms": 10516.082208021544,
  "bright_theoremqa_theorems_query_time_ms": 298.27908403240144,
  "bright_theoremqa_theorems_query_latency_median_ms": 3.3760000369511545,
  "beir_scidocs_ndcg@10": 0.14504821904827583,
  "beir_scidocs_recall@1000": 0.5573129251700681,
  "beir_scidocs_recall@100": 0.5573129251700681,
  "beir_scidocs_index_time_ms": 18925.049041979946,
  "beir_scidocs_query_time_ms": 1866.1926670465618,
  "beir_scidocs_query_latency_median_ms": 1.7818749765865505,
  "bright_economics_ndcg@10": 0.14418912938642672,
  "bright_economics_recall@1000": 0.7202686741058832,
  "bright_economics_recall@100": 0.7202686741058832,
  "bright_economics_index_time_ms": 13469.605499994941,
  "bright_economics_query_time_ms": 628.4514589933679,
  "bright_economics_query_latency_median_ms": 5.3229579934850335,
  "bright_biology_ndcg@10": 0.26548352860620916,
  "bright_biology_recall@1000": 0.8026773761713523,
  "bright_biology_recall@100": 0.8026773761713523,
  "bright_biology_index_time_ms": 14618.122457992285,
  "bright_biology_query_time_ms": 555.132000008598,
  "bright_biology_query_latency_median_ms": 4.670916008763015,
  "beir_fiqa_ndcg@10": 0.23205408485090687,
  "beir_fiqa_recall@1000": 0.7438388531143307,
  "beir_fiqa_recall@100": 0.7438388531143307,
  "beir_fiqa_index_time_ms": 31101.909875054844,
  "beir_fiqa_query_time_ms": 2215.0937920669094,
  "beir_fiqa_query_latency_median_ms": 3.1177295022644103,
  "bright_earth_science_ndcg@10": 0.3227996877516241,
  "bright_earth_science_recall@1000": 0.8668974954747982,
  "bright_earth_science_recall@100": 0.8668974954747982,
  "bright_earth_science_index_time_ms": 30317.103125038557,
  "bright_earth_science_query_time_ms": 823.5419159755111,
  "bright_earth_science_query_latency_median_ms": 5.279437522403896,
  "bright_stackoverflow_ndcg@10": 0.2139346240469131,
  "bright_stackoverflow_recall@1000": 0.7600850948653445,
  "bright_stackoverflow_recall@100": 0.7600850948653445,
  "bright_stackoverflow_index_time_ms": 96330.08866698947,
  "bright_stackoverflow_query_time_ms": 2896.2655420182273,
  "bright_stackoverflow_query_latency_median_ms": 21.475499961525202,
  "beir_trec-covid_ndcg@10": 0.7154067801245994,
  "beir_trec-covid_recall@1000": 0.48084309972066214,
  "beir_trec-covid_recall@100": 0.48084309972066214,
  "beir_trec-covid_index_time_ms": 127862.53504198976,
  "beir_trec-covid_query_time_ms": 1064.903457998298,
  "beir_trec-covid_query_latency_median_ms": 22.733104007784277,
  "avg_ndcg@10": 0.28715684258635793,
  "avg_recall@1000": 0.711580054301071,
  "avg_recall@100": 0.711580054301071,
  "avg_query_latency_median_ms": 6.435789832418474,
  "combined_score": 0.6101233700227654,
  "average_score": 0.4993684484437144,
  "total_index_time_ms": 358181.8722101161,
  "total_query_time_ms": 20502.967042149976,
  "total_time_ms": 378684.8392522661,
  "datasets_evaluated": 12.0,
  "datasets_failed": 0.0,
  "error": 0.0,
  "recall_k": 1000.0,
  "ndcg_k": 10.0,
  "warmup_queries": 20.0,
  "objective_name": "recall1000_ndcg10_latency",
  "objective_recall_component": 0.32021102443548194,
  "objective_ndcg_component": 0.05743136851727159,
  "objective_latency_component": 0.2324809770700119,
  "avg_latency_score": 0.6642313630571769,
  "avg_latency_ratio": 0.5314979939575498,
  "avg_baseline_query_latency_median_ms": 13.389822881435975,
  "latency_penalty_triggered": 0.0,
  "bright_theoremqa_theorems_baseline_query_latency_median_ms": 8.550645492505282,
  "bright_theoremqa_theorems_latency_ratio": 0.39482399778007976,
  "bright_theoremqa_theorems_latency_score": 0.7169363314594109,
  "bright_theoremqa_theorems_latency_penalty_triggered": 0.0,
  "beir_fiqa_baseline_query_latency_median_ms": 7.60493753477931,
  "beir_fiqa_latency_ratio": 0.40996122427123716,
  "beir_fiqa_latency_score": 0.7092393626050726,
  "beir_fiqa_latency_penalty_triggered": 0.0,
  "beir_trec-covid_baseline_query_latency_median_ms": 25.125229032710195,
  "beir_trec-covid_latency_ratio": 0.9047919116752471,
  "beir_trec-covid_latency_score": 0.5249917294748008,
  "beir_trec-covid_latency_penalty_triggered": 0.0,
  "beir_nfcorpus_baseline_query_latency_median_ms": 0.1848330721259117,
  "beir_nfcorpus_latency_ratio": 0.8573033764480029,
  "beir_nfcorpus_latency_score": 0.5384150013835911,
  "beir_nfcorpus_latency_penalty_triggered": 0.0,
  "bright_pony_baseline_query_latency_median_ms": 3.6682705394923687,
  "bright_pony_latency_ratio": 0.5636511747115316,
  "bright_pony_latency_score": 0.6395288259764739,
  "bright_pony_latency_penalty_triggered": 0.0,
  "bright_biology_baseline_query_latency_median_ms": 15.704457997344434,
  "bright_biology_latency_ratio": 0.2974261199942621,
  "bright_biology_latency_score": 0.7707567965445482,
  "bright_biology_latency_penalty_triggered": 0.0,
  "bright_stackoverflow_baseline_query_latency_median_ms": 47.922166995704174,
  "bright_stackoverflow_latency_ratio": 0.4481329060818619,
  "bright_stackoverflow_latency_score": 0.690544352524692,
  "bright_stackoverflow_latency_penalty_triggered": 0.0,
  "beir_arguana_baseline_query_latency_median_ms": 10.82454196875915,
  "beir_arguana_latency_ratio": 0.6071600065636283,
  "beir_arguana_latency_score": 0.6222155827148562,
  "beir_arguana_latency_penalty_triggered": 0.0,
  "beir_scifact_baseline_query_latency_median_ms": 1.002917008008808,
  "beir_scifact_latency_ratio": 0.6716866754888847,
  "beir_scifact_latency_score": 0.5981982237835031,
  "beir_scifact_latency_penalty_triggered": 0.0,
  "bright_earth_science_baseline_query_latency_median_ms": 21.919646009337157,
  "bright_earth_science_latency_ratio": 0.2408541415383717,
  "bright_earth_science_latency_score": 0.8058964922019212,
  "bright_earth_science_latency_penalty_triggered": 0.0,
  "bright_economics_baseline_query_latency_median_ms": 15.367707936093211,
  "bright_economics_latency_ratio": 0.34637292793568275,
  "bright_economics_latency_score": 0.7427362651544422,
  "bright_economics_latency_penalty_triggered": 0.0,
  "beir_scidocs_baseline_query_latency_median_ms": 2.802520990371704,
  "beir_scidocs_latency_ratio": 0.6358114650018079,
  "beir_scidocs_latency_score": 0.6113173928628106,
  "beir_scidocs_latency_penalty_triggered": 0.0
}