{
  "id": "eff34b58-c081-4c4f-90b7-91577990d87d",
  "generation": 4,
  "iteration": 49,
  "current_iteration": 50,
  "metrics": {
    "beir_nfcorpus_ndcg@10": 0.3196325348218937,
    "beir_nfcorpus_recall@100": 0.25485868225194774,
    "beir_nfcorpus_index_time_ms": 3501.1177089763805,
    "beir_nfcorpus_query_time_ms": 108.87954098870978,
    "beir_scifact_ndcg@10": 0.6773610477433755,
    "beir_scifact_recall@100": 0.9286666666666668,
    "beir_scifact_index_time_ms": 4730.89341702871,
    "beir_scifact_query_time_ms": 389.59579198854044,
    "bright_pony_ndcg@10": 0.10316894736189276,
    "bright_pony_recall@100": 0.2887149506596221,
    "bright_pony_index_time_ms": 1346.201958018355,
    "bright_pony_query_time_ms": 505.2232500165701,
    "beir_arguana_ndcg@10": 0.278343630861194,
    "beir_arguana_recall@100": 0.9143468950749465,
    "beir_arguana_index_time_ms": 5773.531000013463,
    "beir_arguana_query_time_ms": 21994.287041015923,
    "bright_theoremqa_theorems_ndcg@10": 0.02630385922484444,
    "bright_theoremqa_theorems_recall@100": 0.1513157894736842,
    "bright_theoremqa_theorems_index_time_ms": 10366.210124979261,
    "bright_theoremqa_theorems_query_time_ms": 936.7610000190325,
    "beir_scidocs_ndcg@10": 0.14630709390374053,
    "beir_scidocs_recall@100": 0.3437166666666666,
    "beir_scidocs_index_time_ms": 19324.792625033297,
    "beir_scidocs_query_time_ms": 3548.745209001936,
    "bright_economics_ndcg@10": 0.1648657619218878,
    "bright_economics_recall@100": 0.3894991123304595,
    "bright_economics_index_time_ms": 13793.32895798143,
    "bright_economics_query_time_ms": 2551.6687920317054,
    "bright_biology_ndcg@10": 0.2458544054150909,
    "bright_biology_recall@100": 0.4808024854269106,
    "bright_biology_index_time_ms": 14427.09879099857,
    "bright_biology_query_time_ms": 2448.9384579937905,
    "beir_fiqa_ndcg@10": 0.2285223041472186,
    "beir_fiqa_recall@100": 0.529234727035653,
    "beir_fiqa_index_time_ms": 32786.42449999461,
    "beir_fiqa_query_time_ms": 6414.223333005793,
    "bright_earth_science_ndcg@10": 0.35847734364826556,
    "bright_earth_science_recall@100": 0.6542188150627352,
    "bright_earth_science_index_time_ms": 30939.42508404143,
    "bright_earth_science_query_time_ms": 4134.89466602914,
    "bright_stackoverflow_ndcg@10": 0.18157781615268354,
    "bright_stackoverflow_recall@100": 0.4631522271358498,
    "bright_stackoverflow_index_time_ms": 98265.89766703546,
    "bright_stackoverflow_query_time_ms": 9259.07583301887,
    "beir_trec-covid_ndcg@10": 0.651351321210786,
    "beir_trec-covid_recall@100": 0.10681631868652841,
    "beir_trec-covid_index_time_ms": 132160.35229200497,
    "beir_trec-covid_query_time_ms": 1542.3132500145584,
    "avg_ndcg@10": 0.2818138388677394,
    "avg_recall@100": 0.4587786113726391,
    "combined_score": 0.4233856568716592,
    "total_index_time_ms": 367415.27412610594,
    "total_query_time_ms": 53834.60616512457,
    "total_time_ms": 421249.8802912305,
    "datasets_evaluated": 12,
    "datasets_failed": 0,
    "error": 0.0
  },
  "language": "python",
  "timestamp": 1770042208.509232,
  "saved_at": 1770042454.7587562
}