{
  "bright_pony_ndcg@10": 0.10817241570968407,
  "bright_pony_recall@100": 0.2943388796437178,
  "bright_pony_index_time_ms": 7422.850119881332,
  "bright_pony_query_time_ms": 2296.867002733052,
  "avg_ndcg@10": 0.3272077358845987,
  "avg_recall@100": 0.50691433227395,
  "datasets_evaluated": 28,
  "datasets_failed": 0,
  "total_index_time_ms": 53953746.45149708,
  "total_query_time_ms": 4523934.4147685915,
  "total_time_ms": 58477680.86626567,
  "combined_score": 0.47097301299607974,
  "error": 0.0,
  "beir_nfcorpus_ndcg@10": 0.32103997694420416,
  "beir_nfcorpus_recall@100": 0.24724028451841487,
  "beir_nfcorpus_index_time_ms": 16933.813092298806,
  "beir_nfcorpus_query_time_ms": 584.654469974339,
  "beir_scifact_ndcg@10": 0.6768448706423255,
  "beir_scifact_recall@100": 0.9286666666666668,
  "beir_scifact_index_time_ms": 20373.092046938837,
  "beir_scifact_query_time_ms": 2096.8610774725676,
  "beir_arguana_ndcg@10": 0.2722274376638082,
  "beir_arguana_recall@100": 0.9157744468236974,
  "beir_arguana_index_time_ms": 26020.353861153126,
  "beir_arguana_query_time_ms": 109582.87073392421,
  "bright_theoremqa_theorems_ndcg@10": 0.030958278260969384,
  "bright_theoremqa_theorems_recall@100": 0.1293859649122807,
  "bright_theoremqa_theorems_index_time_ms": 54236.196395009756,
  "bright_theoremqa_theorems_query_time_ms": 2443.9889676868916,
  "beir_scidocs_ndcg@10": 0.14276051501575812,
  "beir_scidocs_recall@100": 0.34103333333333335,
  "beir_scidocs_index_time_ms": 89568.67153663188,
  "beir_scidocs_query_time_ms": 8709.356523118913,
  "bright_robotics_ndcg@10": 0.12385929550761193,
  "bright_robotics_recall@100": 0.4414907618751533,
  "bright_robotics_index_time_ms": 33390.9718208015,
  "bright_robotics_query_time_ms": 3919.8649004101753,
  "bright_economics_ndcg@10": 0.1546033827984985,
  "bright_economics_recall@100": 0.39627843991868733,
  "bright_economics_index_time_ms": 38204.61488701403,
  "bright_economics_query_time_ms": 2820.9445094689727,
  "bright_psychology_ndcg@10": 0.14181612233651933,
  "bright_psychology_recall@100": 0.4124532308291448,
  "bright_psychology_index_time_ms": 38845.32038681209,
  "bright_psychology_query_time_ms": 2797.931923530996,
  "bright_biology_ndcg@10": 0.2769587703953891,
  "bright_biology_recall@100": 0.5409682720617826,
  "bright_biology_index_time_ms": 41983.59789233655,
  "bright_biology_query_time_ms": 2375.5286829546094,
  "bright_sustainable_living_ndcg@10": 0.1731733711927371,
  "bright_sustainable_living_recall@100": 0.39636415901938776,
  "bright_sustainable_living_index_time_ms": 42575.4783404991,
  "bright_sustainable_living_query_time_ms": 3634.374192915857,
  "beir_fiqa_ndcg@10": 0.21945753050637967,
  "beir_fiqa_recall@100": 0.5179668453974009,
  "beir_fiqa_index_time_ms": 106875.30108354986,
  "beir_fiqa_query_time_ms": 4338.660926558077,
  "bright_earth_science_ndcg@10": 0.3651269775296603,
  "bright_earth_science_recall@100": 0.6611948251637453,
  "bright_earth_science_index_time_ms": 103726.22525133193,
  "bright_earth_science_query_time_ms": 3227.5958647951484,
  "bright_stackoverflow_ndcg@10": 0.18485706615900574,
  "bright_stackoverflow_recall@100": 0.465805767106117,
  "bright_stackoverflow_index_time_ms": 332820.8347912878,
  "bright_stackoverflow_query_time_ms": 8751.275945454836,
  "bright_theoremqa_questions_ndcg@10": 0.059734470217273426,
  "bright_theoremqa_questions_recall@100": 0.1629725085910653,
  "bright_theoremqa_questions_index_time_ms": 364708.2642093301,
  "bright_theoremqa_questions_query_time_ms": 9520.605606026947,
  "bright_aops_ndcg@10": 0.03471279801772135,
  "bright_aops_recall@100": 0.16886529386529384,
  "bright_aops_index_time_ms": 370734.66102872044,
  "bright_aops_query_time_ms": 5009.5175905153155,
  "beir_trec-covid_ndcg@10": 0.6284489388293562,
  "beir_trec-covid_recall@100": 0.1052597258402444,
  "beir_trec-covid_index_time_ms": 509131.02554064244,
  "beir_trec-covid_query_time_ms": 911.5709653124213,
  "beir_cqadupstack_ndcg@10": 0.46482667934813626,
  "beir_cqadupstack_recall@100": 0.7580021084343803,
  "beir_cqadupstack_index_time_ms": 73915.34197703004,
  "beir_cqadupstack_query_time_ms": 12187.242706306279,
  "beir_quora_ndcg@10": 0.7595749644099821,
  "beir_quora_recall@100": 0.969096898512828,
  "beir_quora_index_time_ms": 165845.11276800185,
  "beir_quora_query_time_ms": 232482.42561426014,
  "bright_leetcode_ndcg@10": 0.1485045135098469,
  "bright_leetcode_recall@100": 0.4988262910798123,
  "bright_leetcode_index_time_ms": 860532.6459426433,
  "bright_leetcode_query_time_ms": 22331.515591591597,
  "beir_webis-touche2020_ndcg@10": 0.5063065357352556,
  "beir_webis-touche2020_recall@100": 0.5707469293409653,
  "beir_webis-touche2020_index_time_ms": 1329243.5979992151,
  "beir_webis-touche2020_query_time_ms": 925.1022255048156,
  "beir_nq_ndcg@10": 0.2869079023841918,
  "beir_nq_recall@100": 0.7401506373117034,
  "beir_nq_index_time_ms": 4784051.431680098,
  "beir_nq_query_time_ms": 360361.2453844398,
  "beir_dbpedia-entity_ndcg@10": 0.3704019900167602,
  "beir_dbpedia-entity_recall@100": 0.4724863913917051,
  "beir_dbpedia-entity_index_time_ms": 5909076.500667259,
  "beir_dbpedia-entity_query_time_ms": 38042.71491244435,
  "beir_hotpotqa_ndcg@10": 0.6279362115749885,
  "beir_hotpotqa_recall@100": 0.7954760297096556,
  "beir_hotpotqa_index_time_ms": 6039597.966779023,
  "beir_hotpotqa_query_time_ms": 2130609.669022262,
  "beir_fever_ndcg@10": 0.6828220954266302,
  "beir_fever_recall@100": 0.9239640035432114,
  "beir_fever_index_time_ms": 10076500.279145315,
  "beir_fever_query_time_ms": 994286.045761779,
  "average_score": 0.41706103407927436,
  "beir_climate-fever_ndcg@10": 0.1625285229413978,
  "beir_climate-fever_recall@100": 0.4299457111834962,
  "beir_climate-fever_index_time_ms": 10216150.531846099,
  "beir_climate-fever_query_time_ms": 478221.3705731556,
  "trec_dl_dl19_ndcg@10": 0.6429841130940178,
  "trec_dl_dl19_recall@100": 0.4313937114055729,
  "trec_dl_dl19_index_time_ms": 12301281.770408154,
  "trec_dl_dl19_query_time_ms": 39496.92726135254,
  "trec_dl_dl20_ndcg@10": 0.5942708586006559,
  "trec_dl_dl20_recall@100": 0.47745318619113913,
  "trec_dl_dl20_index_time_ms": 0.0,
  "trec_dl_dl20_query_time_ms": 41967.68583264202,
  "_metadata": {
    "program_path": "output/openevolve_output_constrained_fast/20260201_231921/best/best_program.py",
    "tokenizer": "lucene",
    "sample_queries": "all",
    "timestamp": "2026-02-10 02:49:32",
    "evaluator": "evaluator_parallel_wave"
  }
}