{
  "bright_pony_ndcg@10": 0.10121237106725912,
  "bright_pony_recall@100": 0.30997414613721,
  "bright_pony_index_time_ms": 9177.471322007477,
  "bright_pony_query_time_ms": 12574.891130439937,
  "avg_ndcg@10": 0.3332529420127709,
  "avg_recall@100": 0.5281618420466149,
  "datasets_evaluated": 28,
  "datasets_failed": 0,
  "total_index_time_ms": 81547219.84125394,
  "total_query_time_ms": 57753475.81208963,
  "total_time_ms": 139300695.65334356,
  "combined_score": 0.4891800620398461,
  "error": 0.0,
  "beir_nfcorpus_ndcg@10": 0.33516101228767337,
  "beir_nfcorpus_recall@100": 0.26003253344839744,
  "beir_nfcorpus_index_time_ms": 24236.49302404374,
  "beir_nfcorpus_query_time_ms": 3596.782491542399,
  "beir_scifact_ndcg@10": 0.6882257610537782,
  "beir_scifact_recall@100": 0.9433333333333334,
  "beir_scifact_index_time_ms": 28016.970035620034,
  "beir_scifact_query_time_ms": 12994.493028149009,
  "beir_arguana_ndcg@10": 0.30844762119604846,
  "beir_arguana_recall@100": 0.9357601713062098,
  "beir_arguana_index_time_ms": 37796.01583071053,
  "beir_arguana_query_time_ms": 930146.0652509704,
  "bright_theoremqa_theorems_ndcg@10": 0.03550632602387539,
  "bright_theoremqa_theorems_recall@100": 0.19517543859649122,
  "bright_theoremqa_theorems_index_time_ms": 70944.12153400481,
  "bright_theoremqa_theorems_query_time_ms": 15903.570380061865,
  "beir_scidocs_ndcg@10": 0.15763095939908328,
  "beir_scidocs_recall@100": 0.36275,
  "beir_scidocs_index_time_ms": 130391.05317741632,
  "beir_scidocs_query_time_ms": 81103.34820579737,
  "bright_robotics_ndcg@10": 0.13464930155539703,
  "bright_robotics_recall@100": 0.4780452587383281,
  "bright_robotics_index_time_ms": 55557.42854066193,
  "bright_robotics_query_time_ms": 43631.61881361157,
  "bright_economics_ndcg@10": 0.14836417746472097,
  "bright_economics_recall@100": 0.3872403437679638,
  "bright_economics_index_time_ms": 67945.47668192536,
  "bright_economics_query_time_ms": 31353.204621002078,
  "bright_psychology_ndcg@10": 0.159341368671959,
  "bright_psychology_recall@100": 0.4269955328228595,
  "bright_psychology_index_time_ms": 76799.04880095273,
  "bright_psychology_query_time_ms": 34454.072032123804,
  "bright_biology_ndcg@10": 0.2474286864857564,
  "bright_biology_recall@100": 0.5593966244962668,
  "bright_biology_index_time_ms": 87477.51624882221,
  "bright_biology_query_time_ms": 25475.577663630247,
  "bright_sustainable_living_ndcg@10": 0.15539046352102343,
  "bright_sustainable_living_recall@100": 0.4504195275192007,
  "bright_sustainable_living_index_time_ms": 100228.06494310498,
  "bright_sustainable_living_query_time_ms": 29138.009593822062,
  "bright_earth_science_ndcg@10": 0.32923423917471295,
  "bright_earth_science_recall@100": 0.665310955680738,
  "bright_earth_science_index_time_ms": 174953.18623445928,
  "bright_earth_science_query_time_ms": 27349.54054094851,
  "beir_fiqa_ndcg@10": 0.24435811587478606,
  "beir_fiqa_recall@100": 0.5453992381075714,
  "beir_fiqa_index_time_ms": 186842.72925835103,
  "beir_fiqa_query_time_ms": 33401.06067247689,
  "bright_stackoverflow_ndcg@10": 0.20933776407164129,
  "bright_stackoverflow_recall@100": 0.5181570663512153,
  "bright_stackoverflow_index_time_ms": 434688.53033613414,
  "bright_stackoverflow_query_time_ms": 61321.45354710519,
  "bright_aops_ndcg@10": 0.03276417269704805,
  "bright_aops_recall@100": 0.1713320463320463,
  "bright_aops_index_time_ms": 476414.7453252226,
  "bright_aops_query_time_ms": 52095.45825328678,
  "bright_theoremqa_questions_ndcg@10": 0.06409387291301107,
  "bright_theoremqa_questions_recall@100": 0.1986254295532646,
  "bright_theoremqa_questions_index_time_ms": 474528.3590592444,
  "bright_theoremqa_questions_query_time_ms": 79512.70819082856,
  "beir_trec-covid_ndcg@10": 0.6954717850046315,
  "beir_trec-covid_recall@100": 0.11951508984566506,
  "beir_trec-covid_index_time_ms": 790905.226809904,
  "beir_trec-covid_query_time_ms": 3803.8741294294596,
  "beir_cqadupstack_ndcg@10": 0.4827779435535294,
  "beir_cqadupstack_recall@100": 0.7713938379719604,
  "beir_cqadupstack_index_time_ms": 105172.64006845653,
  "beir_cqadupstack_query_time_ms": 59766.753539443016,
  "bright_leetcode_ndcg@10": 0.1610134951387134,
  "bright_leetcode_recall@100": 0.525,
  "bright_leetcode_index_time_ms": 1441099.8791772872,
  "bright_leetcode_query_time_ms": 243326.59654784948,
  "beir_webis-touche2020_ndcg@10": 0.38326795983740847,
  "beir_webis-touche2020_recall@100": 0.5740041169579192,
  "beir_webis-touche2020_index_time_ms": 2524642.967042513,
  "beir_webis-touche2020_query_time_ms": 5485.069703310728,
  "beir_quora_ndcg@10": 0.7765443846840044,
  "beir_quora_recall@100": 0.9742518083741023,
  "beir_quora_index_time_ms": 236175.78211799264,
  "beir_quora_query_time_ms": 1858359.8857335746,
  "beir_dbpedia-entity_ndcg@10": 0.3874668305905969,
  "beir_dbpedia-entity_recall@100": 0.48625989393594893,
  "beir_dbpedia-entity_index_time_ms": 8549415.128121153,
  "beir_dbpedia-entity_query_time_ms": 511662.9131725058,
  "beir_fever_ndcg@10": 0.6389166372327989,
  "beir_fever_recall@100": 0.9209451897570708,
  "beir_fever_index_time_ms": 15650197.514417581,
  "beir_fever_query_time_ms": 14351325.637521222,
  "beir_nq_ndcg@10": 0.3210768583623335,
  "beir_nq_recall@100": 0.7830243337195828,
  "beir_nq_index_time_ms": 7303639.118999243,
  "beir_nq_query_time_ms": 3275915.8853199333,
  "beir_hotpotqa_ndcg@10": 0.6580101991915684,
  "beir_hotpotqa_recall@100": 0.8170830519918973,
  "beir_hotpotqa_index_time_ms": 9088637.71209307,
  "beir_hotpotqa_query_time_ms": 26863313.915764913,
  "beir_climate-fever_ndcg@10": 0.18390183884876765,
  "beir_climate-fever_recall@100": 0.46707926167209557,
  "beir_climate-fever_index_time_ms": 15730674.46628213,
  "beir_climate-fever_query_time_ms": 8082956.858356483,
  "_metadata": {
    "program_path": "output/openevolve_output_freeform_fast/bug_fixed_20260202_075458/best/best_program.py",
    "tokenizer": "lucene",
    "sample_queries": "all",
    "timestamp": "2026-02-12 20:45:55",
    "evaluator": "evaluator_parallel_wave"
  },
  "average_score": 0.4307073920296929,
  "trec_dl_dl19_ndcg@10": 0.667145454556011,
  "trec_dl_dl19_recall@100": 0.4371912758493956,
  "trec_dl_dl19_index_time_ms": 17690662.195771933,
  "trec_dl_dl19_query_time_ms": 497304.8663176596,
  "trec_dl_dl20_ndcg@10": 0.6243427758994498,
  "trec_dl_dl20_recall@100": 0.5048360710384857,
  "trec_dl_dl20_index_time_ms": 0.0,
  "trec_dl_dl20_query_time_ms": 526201.7015675083
}