{
  "bright_pony_ndcg@10": 0.13204918670714963,
  "bright_pony_recall@100": 0.33092288775600315,
  "bright_pony_index_time_ms": 8563.286398537457,
  "bright_pony_query_time_ms": 7635.560373775661,
  "avg_ndcg@10": 0.32472417903190914,
  "avg_recall@100": 0.5215178656436611,
  "datasets_evaluated": 28,
  "datasets_failed": 0,
  "total_index_time_ms": 70929611.52319798,
  "total_query_time_ms": 12560144.037136808,
  "total_time_ms": 83489755.56033479,
  "combined_score": 0.48215912832131075,
  "error": 0.0,
  "beir_nfcorpus_ndcg@10": 0.3347718004398883,
  "beir_nfcorpus_recall@100": 0.26122311886681265,
  "beir_nfcorpus_index_time_ms": 18493.610452860594,
  "beir_nfcorpus_query_time_ms": 2333.963930606842,
  "beir_scifact_ndcg@10": 0.6829450578323311,
  "beir_scifact_recall@100": 0.9276666666666668,
  "beir_scifact_index_time_ms": 27464.62231595069,
  "beir_scifact_query_time_ms": 7390.646598301828,
  "beir_arguana_ndcg@10": 0.28846290489127985,
  "beir_arguana_recall@100": 0.9221984296930764,
  "beir_arguana_index_time_ms": 32765.04236832261,
  "beir_arguana_query_time_ms": 462608.9448966086,
  "bright_theoremqa_theorems_ndcg@10": 0.037872000728343985,
  "bright_theoremqa_theorems_recall@100": 0.1995614035087719,
  "bright_theoremqa_theorems_index_time_ms": 63486.722057685256,
  "bright_theoremqa_theorems_query_time_ms": 9323.149271309376,
  "beir_scidocs_ndcg@10": 0.15095477608433192,
  "beir_scidocs_recall@100": 0.35148333333333337,
  "beir_scidocs_index_time_ms": 114572.60579708964,
  "beir_scidocs_query_time_ms": 41247.99257609993,
  "bright_robotics_ndcg@10": 0.13618454201940605,
  "bright_robotics_recall@100": 0.47147177225802733,
  "bright_robotics_index_time_ms": 46513.04297056049,
  "bright_robotics_query_time_ms": 14695.712788030505,
  "bright_economics_ndcg@10": 0.12408112848997234,
  "bright_economics_recall@100": 0.37786089383999444,
  "bright_economics_index_time_ms": 54535.380653105676,
  "bright_economics_query_time_ms": 9797.591569833457,
  "bright_psychology_ndcg@10": 0.13351571269938878,
  "bright_psychology_recall@100": 0.43166145680874185,
  "bright_psychology_index_time_ms": 59232.321550138295,
  "bright_psychology_query_time_ms": 10247.536523267627,
  "bright_sustainable_living_ndcg@10": 0.15491370362225873,
  "bright_sustainable_living_recall@100": 0.4340774104254496,
  "bright_sustainable_living_index_time_ms": 65073.61852750182,
  "bright_sustainable_living_query_time_ms": 10874.983646906912,
  "bright_biology_ndcg@10": 0.24880930861427172,
  "bright_biology_recall@100": 0.5724109564426375,
  "bright_biology_index_time_ms": 68567.85377115011,
  "bright_biology_query_time_ms": 7792.23486315459,
  "bright_earth_science_ndcg@10": 0.2771898625364392,
  "bright_earth_science_recall@100": 0.6533956200585058,
  "bright_earth_science_index_time_ms": 119743.5883982107,
  "bright_earth_science_query_time_ms": 12167.629716917872,
  "beir_fiqa_ndcg@10": 0.23442758163834215,
  "beir_fiqa_recall@100": 0.5258634541041949,
  "beir_fiqa_index_time_ms": 132695.24252973497,
  "beir_fiqa_query_time_ms": 14515.37637040019,
  "bright_stackoverflow_ndcg@10": 0.1983704845607518,
  "bright_stackoverflow_recall@100": 0.5312730257239509,
  "bright_stackoverflow_index_time_ms": 394194.8303710669,
  "bright_stackoverflow_query_time_ms": 25009.78671759367,
  "bright_aops_ndcg@10": 0.038057130911507066,
  "bright_aops_recall@100": 0.17503217503217502,
  "bright_aops_index_time_ms": 413157.8403841704,
  "bright_aops_query_time_ms": 8943.768202327192,
  "bright_theoremqa_questions_ndcg@10": 0.059260508663328326,
  "bright_theoremqa_questions_recall@100": 0.2097938144329897,
  "bright_theoremqa_questions_index_time_ms": 457594.3430745974,
  "bright_theoremqa_questions_query_time_ms": 29126.311670988798,
  "beir_trec-covid_ndcg@10": 0.7259532957970433,
  "beir_trec-covid_recall@100": 0.12363662146135239,
  "beir_trec-covid_index_time_ms": 743466.7483875528,
  "beir_trec-covid_query_time_ms": 2294.1304305568337,
  "beir_cqadupstack_ndcg@10": 0.46997884481442775,
  "beir_cqadupstack_recall@100": 0.76938426859397,
  "beir_cqadupstack_index_time_ms": 89418.06331835687,
  "beir_cqadupstack_query_time_ms": 30926.770166493952,
  "beir_quora_ndcg@10": 0.7582560390709571,
  "beir_quora_recall@100": 0.9679966403395789,
  "beir_quora_index_time_ms": 209833.18035211414,
  "beir_quora_query_time_ms": 386038.5628314689,
  "bright_leetcode_ndcg@10": 0.16167850429153,
  "bright_leetcode_recall@100": 0.49330985915492964,
  "bright_leetcode_index_time_ms": 997654.9975955859,
  "bright_leetcode_query_time_ms": 51751.88579596579,
  "beir_webis-touche2020_ndcg@10": 0.4095639380938849,
  "beir_webis-touche2020_recall@100": 0.5658314885103694,
  "beir_webis-touche2020_index_time_ms": 2004118.7323313206,
  "beir_webis-touche2020_query_time_ms": 2284.5568554475904,
  "beir_nq_ndcg@10": 0.30281162003152357,
  "beir_nq_recall@100": 0.7612012359984549,
  "beir_nq_index_time_ms": 6263050.412865356,
  "beir_nq_query_time_ms": 825423.5537210479,
  "beir_fever_ndcg@10": 0.6323428198046035,
  "beir_fever_recall@100": 0.914430669257402,
  "beir_fever_index_time_ms": 13616645.871795714,
  "beir_fever_query_time_ms": 3586969.787547365,
  "beir_climate-fever_ndcg@10": 0.16626887367736515,
  "beir_climate-fever_recall@100": 0.4489685124864278,
  "beir_climate-fever_index_time_ms": 13629967.482194304,
  "beir_climate-fever_query_time_ms": 2000130.1128305495,
  "beir_dbpedia-entity_ndcg@10": 0.3825156721943006,
  "beir_dbpedia-entity_recall@100": 0.47746051524934197,
  "beir_dbpedia-entity_index_time_ms": 7654429.115577601,
  "beir_dbpedia-entity_query_time_ms": 85236.68400105089,
  "average_score": 0.42312102233778515,
  "beir_hotpotqa_ndcg@10": 0.6276365770526481,
  "beir_hotpotqa_recall@100": 0.7962862930452397,
  "beir_hotpotqa_index_time_ms": 7967125.470774248,
  "beir_hotpotqa_query_time_ms": 4741585.250746459,
  "trec_dl_dl19_ndcg@10": 0.6234172157214406,
  "trec_dl_dl19_recall@100": 0.4068020734925164,
  "trec_dl_dl19_index_time_ms": 15677247.496385127,
  "trec_dl_dl19_query_time_ms": 86306.9057315588,
  "trec_dl_dl20_ndcg@10": 0.5999879219047438,
  "trec_dl_dl20_recall@100": 0.5012956414815951,
  "trec_dl_dl20_index_time_ms": 0.0,
  "trec_dl_dl20_query_time_ms": 87484.64676272124,
  "_metadata": {
    "program_path": "output/openevolve_output_freeform_fast/20260202_075458/best/best_program.py",
    "tokenizer": "lucene",
    "sample_queries": "all",
    "timestamp": "2026-02-09 23:23:31",
    "evaluator": "evaluator_parallel_wave"
  }
}