{
  "bright_pony_ndcg@10": 0.09246711287226587,
  "bright_pony_recall@100": 0.2985789608257633,
  "bright_pony_index_time_ms": 5600.017781369388,
  "bright_pony_query_time_ms": 4733.878266997635,
  "avg_ndcg@10": 0.3190238332520154,
  "avg_recall@100": 0.5170625890832417,
  "datasets_evaluated": 28,
  "datasets_failed": 0,
  "total_index_time_ms": 54618276.45213902,
  "total_query_time_ms": 8582818.463800475,
  "total_time_ms": 63201094.915939495,
  "combined_score": 0.47745483791699644,
  "error": 0.0,
  "beir_nfcorpus_ndcg@10": 0.31521486268380183,
  "beir_nfcorpus_recall@100": 0.24700160410617528,
  "beir_nfcorpus_index_time_ms": 12936.57904304564,
  "beir_nfcorpus_query_time_ms": 1150.4167076200247,
  "beir_scifact_ndcg@10": 0.6776421147603187,
  "beir_scifact_recall@100": 0.93,
  "beir_scifact_index_time_ms": 18996.13936152309,
  "beir_scifact_query_time_ms": 4514.931599609554,
  "beir_arguana_ndcg@10": 0.30067580361872487,
  "beir_arguana_recall@100": 0.9357601713062098,
  "beir_arguana_index_time_ms": 27421.67882155627,
  "beir_arguana_query_time_ms": 267848.85339345783,
  "bright_theoremqa_theorems_ndcg@10": 0.03199924201862211,
  "bright_theoremqa_theorems_recall@100": 0.16228070175438594,
  "bright_theoremqa_theorems_index_time_ms": 54428.06100193411,
  "bright_theoremqa_theorems_query_time_ms": 6539.400608278811,
  "beir_scidocs_ndcg@10": 0.14233200822912978,
  "beir_scidocs_recall@100": 0.3441666666666667,
  "beir_scidocs_index_time_ms": 90452.46733725071,
  "beir_scidocs_query_time_ms": 23477.091690525413,
  "bright_economics_ndcg@10": 0.1364082986538199,
  "bright_economics_recall@100": 0.40414025481535126,
  "bright_economics_index_time_ms": 39038.56794349849,
  "bright_economics_query_time_ms": 8235.558891668916,
  "bright_psychology_ndcg@10": 0.12755091155479484,
  "bright_psychology_recall@100": 0.44489032931167133,
  "bright_psychology_index_time_ms": 40034.23502482474,
  "bright_psychology_query_time_ms": 8175.333173014224,
  "bright_robotics_ndcg@10": 0.1417402438971895,
  "bright_robotics_recall@100": 0.4579383310018138,
  "bright_robotics_index_time_ms": 34327.32139248401,
  "bright_robotics_query_time_ms": 14106.249793432653,
  "bright_biology_ndcg@10": 0.23836449008524663,
  "bright_biology_recall@100": 0.5248154304107293,
  "bright_biology_index_time_ms": 46934.10762026906,
  "bright_biology_query_time_ms": 5922.839992679656,
  "bright_sustainable_living_ndcg@10": 0.14512137046000817,
  "bright_sustainable_living_recall@100": 0.46170978576615834,
  "bright_sustainable_living_index_time_ms": 46426.38916987926,
  "bright_sustainable_living_query_time_ms": 8416.491959244013,
  "bright_earth_science_ndcg@10": 0.347913281826116,
  "bright_earth_science_recall@100": 0.6733253670356665,
  "bright_earth_science_index_time_ms": 98400.67925769836,
  "bright_earth_science_query_time_ms": 9021.655761636794,
  "beir_fiqa_ndcg@10": 0.23255056588425274,
  "beir_fiqa_recall@100": 0.5331956323854472,
  "beir_fiqa_index_time_ms": 101239.68823440373,
  "beir_fiqa_query_time_ms": 17297.480249777436,
  "bright_stackoverflow_ndcg@10": 0.1777108531940483,
  "bright_stackoverflow_recall@100": 0.4926149275173727,
  "bright_stackoverflow_index_time_ms": 332250.2727676183,
  "bright_stackoverflow_query_time_ms": 20163.352956995368,
  "bright_aops_ndcg@10": 0.038040635956286,
  "bright_aops_recall@100": 0.16543329043329047,
  "bright_aops_index_time_ms": 357099.1984400898,
  "bright_aops_query_time_ms": 28613.863399252295,
  "bright_theoremqa_questions_ndcg@10": 0.0683846201006718,
  "bright_theoremqa_questions_recall@100": 0.17027491408934706,
  "bright_theoremqa_questions_index_time_ms": 358916.8121367693,
  "bright_theoremqa_questions_query_time_ms": 47760.40588226169,
  "beir_trec-covid_ndcg@10": 0.5671044470809798,
  "beir_trec-covid_recall@100": 0.09908398512377627,
  "beir_trec-covid_index_time_ms": 503935.9953030944,
  "beir_trec-covid_query_time_ms": 3482.7050622552633,
  "beir_cqadupstack_ndcg@10": 0.4662382861168789,
  "beir_cqadupstack_recall@100": 0.7634884143244974,
  "beir_cqadupstack_index_time_ms": 76753.19191161543,
  "beir_cqadupstack_query_time_ms": 41244.37590967864,
  "bright_leetcode_ndcg@10": 0.13669494810076174,
  "bright_leetcode_recall@100": 0.4880281690140846,
  "bright_leetcode_index_time_ms": 868537.492280826,
  "bright_leetcode_query_time_ms": 149727.49407868832,
  "beir_webis-touche2020_ndcg@10": 0.47932560608456853,
  "beir_webis-touche2020_recall@100": 0.5777044317002268,
  "beir_webis-touche2020_index_time_ms": 1351188.8727527112,
  "beir_webis-touche2020_query_time_ms": 3577.860995195806,
  "beir_quora_ndcg@10": 0.7702317336915449,
  "beir_quora_recall@100": 0.9728216276464664,
  "beir_quora_index_time_ms": 171504.00383211672,
  "beir_quora_query_time_ms": 1236515.4067520052,
  "beir_fever_ndcg@10": 0.6318134959113487,
  "beir_fever_recall@100": 0.910557662909148,
  "beir_fever_index_time_ms": 10140948.199931532,
  "beir_fever_query_time_ms": 1316450.7671631873,
  "beir_climate-fever_ndcg@10": 0.14397010748681077,
  "beir_climate-fever_recall@100": 0.4249619978284473,
  "beir_climate-fever_index_time_ms": 10419680.560360663,
  "beir_climate-fever_query_time_ms": 1946147.4422886968,
  "beir_dbpedia-entity_ndcg@10": 0.3697899189784013,
  "beir_dbpedia-entity_recall@100": 0.47525850919175694,
  "beir_dbpedia-entity_index_time_ms": 5810005.623956211,
  "beir_dbpedia-entity_query_time_ms": 107583.93980469555,
  "beir_nq_ndcg@10": 0.29194443890165833,
  "beir_nq_recall@100": 0.7577249903437622,
  "beir_nq_index_time_ms": 5023751.788696274,
  "beir_nq_query_time_ms": 716303.4856263548,
  "beir_hotpotqa_ndcg@10": 0.6196444328956839,
  "beir_hotpotqa_recall@100": 0.7937204591492235,
  "beir_hotpotqa_index_time_ms": 6176802.714260295,
  "beir_hotpotqa_query_time_ms": 2479030.910430476,
  "_metadata": {
    "program_path": "output/openevolve_output_freeform_fast/20260202_130530/best/best_program.py",
    "tokenizer": "lucene",
    "sample_queries": "all",
    "timestamp": "2026-02-09 13:55:34",
    "evaluator": "evaluator_parallel_wave"
  },
  "trec_dl_dl19_ndcg@10": 0.6354405207028289,
  "trec_dl_dl19_recall@100": 0.43464661445227293,
  "trec_dl_dl19_index_time_ms": 12410665.793519467,
  "trec_dl_dl19_query_time_ms": 51936.51223834604,
  "average_score": 0.41804321116762855,
  "trec_dl_dl20_ndcg@10": 0.6063529793096685,
  "trec_dl_dl20_recall@100": 0.5336292652210559,
  "trec_dl_dl20_index_time_ms": 0.0,
  "trec_dl_dl20_query_time_ms": 54839.759124442935
}