{
  "beir_nfcorpus_ndcg@10": 0.31618381243823906,
  "beir_nfcorpus_recall@100": 0.2487827094839776,
  "beir_nfcorpus_index_time_ms": 8084.190071560442,
  "beir_nfcorpus_query_time_ms": 1314.256294630468,
  "avg_ndcg@10": 0.32461060640643324,
  "avg_recall@100": 0.516088669591312,
  "datasets_evaluated": 28,
  "datasets_failed": 0,
  "total_index_time_ms": 53631026.47686377,
  "total_query_time_ms": 6152954.802472144,
  "total_time_ms": 59783981.279335916,
  "combined_score": 0.4777930569543363,
  "error": 0.0,
  "bright_pony_ndcg@10": 0.08720208641852036,
  "bright_pony_recall@100": 0.29424214232541096,
  "bright_pony_index_time_ms": 7455.0409922376275,
  "bright_pony_query_time_ms": 5576.511484570801,
  "beir_scifact_ndcg@10": 0.6752575217444707,
  "beir_scifact_recall@100": 0.9279999999999999,
  "beir_scifact_index_time_ms": 22662.56414167583,
  "beir_scifact_query_time_ms": 4989.759280346334,
  "beir_arguana_ndcg@10": 0.29231621428697624,
  "beir_arguana_recall@100": 0.9293361884368309,
  "beir_arguana_index_time_ms": 21287.192299962044,
  "beir_arguana_query_time_ms": 302580.0966331735,
  "bright_theoremqa_theorems_ndcg@10": 0.02880235414022576,
  "bright_theoremqa_theorems_recall@100": 0.1557017543859649,
  "bright_theoremqa_theorems_index_time_ms": 54418.93642488867,
  "bright_theoremqa_theorems_query_time_ms": 6518.808261491358,
  "beir_scidocs_ndcg@10": 0.14202961705618974,
  "beir_scidocs_recall@100": 0.3456166666666667,
  "beir_scidocs_index_time_ms": 91867.42965318263,
  "beir_scidocs_query_time_ms": 22026.045873761177,
  "bright_robotics_ndcg@10": 0.15991439011497585,
  "bright_robotics_recall@100": 0.470025492098876,
  "bright_robotics_index_time_ms": 35022.28805329651,
  "bright_robotics_query_time_ms": 10627.505428157747,
  "bright_economics_ndcg@10": 0.1504597131011667,
  "bright_economics_recall@100": 0.4149995149762527,
  "bright_economics_index_time_ms": 38815.28776884079,
  "bright_economics_query_time_ms": 7471.262615174055,
  "bright_biology_ndcg@10": 0.2517471387800415,
  "bright_biology_recall@100": 0.5062070161712471,
  "bright_biology_index_time_ms": 42084.07930471003,
  "bright_biology_query_time_ms": 6117.250705137849,
  "bright_psychology_ndcg@10": 0.151255745333935,
  "bright_psychology_recall@100": 0.4439494142764057,
  "bright_psychology_index_time_ms": 41398.23968708515,
  "bright_psychology_query_time_ms": 7452.144321985543,
  "bright_sustainable_living_ndcg@10": 0.15115250735789587,
  "bright_sustainable_living_recall@100": 0.46093570509011694,
  "bright_sustainable_living_index_time_ms": 45017.74696726352,
  "bright_sustainable_living_query_time_ms": 9803.717309609056,
  "beir_fiqa_ndcg@10": 0.2305292980074055,
  "beir_fiqa_recall@100": 0.5298630339139598,
  "beir_fiqa_index_time_ms": 106412.00137790293,
  "beir_fiqa_query_time_ms": 10150.292878039181,
  "bright_earth_science_ndcg@10": 0.361646234978591,
  "bright_earth_science_recall@100": 0.6677970232530123,
  "bright_earth_science_index_time_ms": 102822.57912121713,
  "bright_earth_science_query_time_ms": 8036.1974677070975,
  "bright_stackoverflow_ndcg@10": 0.1833525233536012,
  "bright_stackoverflow_recall@100": 0.49128008269457063,
  "bright_stackoverflow_index_time_ms": 326112.4272784218,
  "bright_stackoverflow_query_time_ms": 21167.993787676096,
  "bright_aops_ndcg@10": 0.037809227657607795,
  "bright_aops_recall@100": 0.1713320463320463,
  "bright_aops_index_time_ms": 358589.747431688,
  "bright_aops_query_time_ms": 12859.32572837919,
  "bright_theoremqa_questions_ndcg@10": 0.07133236609579184,
  "bright_theoremqa_questions_recall@100": 0.18530927835051544,
  "bright_theoremqa_questions_index_time_ms": 358865.72904884815,
  "bright_theoremqa_questions_query_time_ms": 25911.333211697638,
  "beir_trec-covid_ndcg@10": 0.6339354026752926,
  "beir_trec-covid_recall@100": 0.10661952575502565,
  "beir_trec-covid_index_time_ms": 507672.7753551677,
  "beir_trec-covid_query_time_ms": 1768.8154401257634,
  "beir_cqadupstack_ndcg@10": 0.47244471291429624,
  "beir_cqadupstack_recall@100": 0.7619810997999416,
  "beir_cqadupstack_index_time_ms": 76852.71721798927,
  "beir_cqadupstack_query_time_ms": 28747.83695768565,
  "beir_quora_ndcg@10": 0.7690127288425012,
  "beir_quora_recall@100": 0.9712009870635521,
  "beir_quora_index_time_ms": 179386.98044233024,
  "beir_quora_query_time_ms": 389781.9364676252,
  "bright_leetcode_ndcg@10": 0.1464979620009568,
  "bright_leetcode_recall@100": 0.5044600938967135,
  "bright_leetcode_index_time_ms": 918634.4472644851,
  "bright_leetcode_query_time_ms": 46099.951325915754,
  "beir_webis-touche2020_ndcg@10": 0.47298471434630074,
  "beir_webis-touche2020_recall@100": 0.564180129744677,
  "beir_webis-touche2020_index_time_ms": 1461621.531411074,
  "beir_webis-touche2020_query_time_ms": 1381.9499742239714,
  "beir_fever_ndcg@10": 0.6435048003259897,
  "beir_fever_recall@100": 0.9061009672395811,
  "beir_fever_index_time_ms": 10119050.23776181,
  "beir_fever_query_time_ms": 1330990.9333148971,
  "beir_nq_ndcg@10": 0.2886315044081435,
  "beir_nq_recall@100": 0.7498551564310545,
  "beir_nq_index_time_ms": 4785477.800490335,
  "beir_nq_query_time_ms": 422025.43000876904,
  "beir_dbpedia-entity_ndcg@10": 0.3655526276406521,
  "beir_dbpedia-entity_recall@100": 0.47834963171280415,
  "beir_dbpedia-entity_index_time_ms": 5828649.397478439,
  "beir_dbpedia-entity_query_time_ms": 41297.00747318566,
  "beir_climate-fever_ndcg@10": 0.1457463016143337,
  "beir_climate-fever_recall@100": 0.41264929424538543,
  "beir_climate-fever_index_time_ms": 10120530.810719356,
  "beir_climate-fever_query_time_ms": 752494.5899285376,
  "beir_hotpotqa_ndcg@10": 0.5984027222189765,
  "beir_hotpotqa_recall@100": 0.7793382849426064,
  "beir_hotpotqa_index_time_ms": 6072668.209622614,
  "beir_hotpotqa_query_time_ms": 2539818.898489699,
  "_metadata": {
    "program_path": "output/openevolve_output_composable_fast/20260202_030814/best/best_program.py",
    "tokenizer": "lucene",
    "sample_queries": "all",
    "timestamp": "2026-02-09 17:17:14",
    "evaluator": "evaluator_parallel_wave"
  },
  "trec_dl_dl19_ndcg@10": 0.6433041707574453,
  "trec_dl_dl19_recall@100": 0.4438066579735711,
  "trec_dl_dl19_index_time_ms": 11899566.08947739,
  "trec_dl_dl19_query_time_ms": 65377.40151863545,
  "average_score": 0.42034963799887265,
  "trec_dl_dl20_ndcg@10": 0.6180885807696059,
  "trec_dl_dl20_recall@100": 0.5285628512959692,
  "trec_dl_dl20_index_time_ms": 0.0,
  "trec_dl_dl20_query_time_ms": 70567.55029130727
}