{
  "beir_nfcorpus_ndcg@10": 0.3199396538132629,
  "beir_nfcorpus_recall@100": 0.254388335081687,
  "beir_nfcorpus_index_time_ms": 6324.008541996591,
  "beir_nfcorpus_query_time_ms": 2016.3269579643384,
  "bright_pony_ndcg@10": 0.05277470947687134,
  "bright_pony_recall@100": 0.19910680720034266,
  "bright_pony_index_time_ms": 2102.0619169576094,
  "bright_pony_query_time_ms": 8423.792832996696,
  "beir_scifact_ndcg@10": 0.6768873734115012,
  "beir_scifact_recall@100": 0.9286666666666668,
  "beir_scifact_index_time_ms": 7443.240000051446,
  "beir_scifact_query_time_ms": 5014.70037503168,
  "beir_arguana_ndcg@10": 0.3025217556817508,
  "beir_arguana_recall@100": 0.9343326195574589,
  "beir_arguana_index_time_ms": 11711.59262501169,
  "beir_arguana_query_time_ms": 290448.2151250122,
  "bright_theoremqa_theorems_ndcg@10": 0.014416088844160702,
  "bright_theoremqa_theorems_recall@100": 0.10964912280701752,
  "bright_theoremqa_theorems_index_time_ms": 19792.10099996999,
  "bright_theoremqa_theorems_query_time_ms": 21790.553499944508,
  "beir_scidocs_ndcg@10": 0.14979201176022772,
  "beir_scidocs_recall@100": 0.3468833333333334,
  "beir_scidocs_index_time_ms": 31471.264332998544,
  "beir_scidocs_query_time_ms": 78553.02500003017,
  "bright_biology_ndcg@10": 0.17885844791356903,
  "bright_biology_recall@100": 0.42830654555232994,
  "bright_biology_index_time_ms": 26102.621417026967,
  "bright_biology_query_time_ms": 75011.85370795429,
  "bright_earth_science_ndcg@10": 0.2854589405778616,
  "bright_earth_science_recall@100": 0.6105052010905005,
  "bright_earth_science_index_time_ms": 58628.480166895315,
  "bright_earth_science_query_time_ms": 159698.24695796706,
  "bright_economics_ndcg@10": 0.15657061735965494,
  "bright_economics_recall@100": 0.40356356527116094,
  "bright_economics_index_time_ms": 23022.055833018385,
  "bright_economics_query_time_ms": 84196.39537506737,
  "bright_stackoverflow_ndcg@10": 0.16789773581090361,
  "bright_stackoverflow_recall@100": 0.4677551467528365,
  "bright_stackoverflow_index_time_ms": 155634.36866609845,
  "bright_stackoverflow_query_time_ms": 447172.1016250085,
  "beir_fiqa_ndcg@10": 0.23628064633928716,
  "beir_fiqa_recall@100": 0.5372055285249729,
  "beir_fiqa_index_time_ms": 54301.00929096807,
  "beir_fiqa_query_time_ms": 118104.5534160221,
  "beir_trec-covid_ndcg@10": 0.6689855334055745,
  "beir_trec-covid_recall@100": 0.10910286897272853,
  "beir_trec-covid_index_time_ms": 201549.12416695151,
  "beir_trec-covid_query_time_ms": 89857.54200001247,
  "avg_ndcg@10": 0.2675319595328855,
  "avg_recall@100": 0.44412214506758635,
  "combined_score": 0.40880410796064626,
  "total_index_time_ms": 598081.9279579446,
  "total_query_time_ms": 1380287.3068730114,
  "total_time_ms": 1978369.234830956,
  "datasets_evaluated": 12,
  "datasets_failed": 0,
  "error": 0.0,
  "_metadata": {
    "program_path": "src/ranking_evolved/bm25_pyserini.py",
    "tokenizer": "lucene",
    "sample_queries": "all",
    "timestamp": "2026-02-08 12:38:47"
  }
}