{
  "bright_pony_ndcg@10": 0.13204918670714963,
  "bright_pony_recall@100": 0.33092288775600315,
  "bright_pony_index_time_ms": 5248.0856670299545,
  "bright_pony_query_time_ms": 2603.3725840970874,
  "beir_nfcorpus_ndcg@10": 0.3350232844102428,
  "beir_nfcorpus_recall@100": 0.26283317267324485,
  "beir_nfcorpus_index_time_ms": 12343.046042020433,
  "beir_nfcorpus_query_time_ms": 350.1492909854278,
  "beir_scifact_ndcg@10": 0.6829450578323311,
  "beir_scifact_recall@100": 0.9276666666666668,
  "beir_scifact_index_time_ms": 21124.763041967526,
  "beir_scifact_query_time_ms": 2759.850291069597,
  "beir_arguana_ndcg@10": 0.2885123862916557,
  "beir_arguana_recall@100": 0.9221984296930764,
  "beir_arguana_index_time_ms": 26918.245084001683,
  "beir_arguana_query_time_ms": 98899.77908309083,
  "bright_theoremqa_theorems_ndcg@10": 0.037872000728343985,
  "bright_theoremqa_theorems_recall@100": 0.1995614035087719,
  "bright_theoremqa_theorems_index_time_ms": 30154.12845904939,
  "bright_theoremqa_theorems_query_time_ms": 4618.507707957178,
  "beir_scidocs_ndcg@10": 0.15095477608433192,
  "beir_scidocs_recall@100": 0.35148333333333337,
  "beir_scidocs_index_time_ms": 86162.26891695987,
  "beir_scidocs_query_time_ms": 21246.006250032224,
  "bright_biology_ndcg@10": 0.24744231151596688,
  "bright_biology_recall@100": 0.5724109564426375,
  "bright_biology_index_time_ms": 60578.738667070866,
  "bright_biology_query_time_ms": 17693.912792019546,
  "bright_earth_science_ndcg@10": 0.27682217053641023,
  "bright_earth_science_recall@100": 0.6533956200585058,
  "bright_earth_science_index_time_ms": 149080.27808298357,
  "bright_earth_science_query_time_ms": 29167.229417013004,
  "bright_economics_ndcg@10": 0.12408112848997234,
  "bright_economics_recall@100": 0.37786089383999444,
  "bright_economics_index_time_ms": 39231.86512500979,
  "bright_economics_query_time_ms": 10916.34220792912,
  "bright_stackoverflow_ndcg@10": 0.197174429049531,
  "bright_stackoverflow_recall@100": 0.5312730257239509,
  "bright_stackoverflow_index_time_ms": 390203.36845796555,
  "bright_stackoverflow_query_time_ms": 93346.39225003775,
  "beir_fiqa_ndcg@10": 0.23442758163834215,
  "beir_fiqa_recall@100": 0.5258634541041949,
  "beir_fiqa_index_time_ms": 136287.79708303045,
  "beir_fiqa_query_time_ms": 20422.951541026123,
  "beir_trec-covid_ndcg@10": 0.7246321745616808,
  "beir_trec-covid_recall@100": 0.12363662146135239,
  "beir_trec-covid_index_time_ms": 1694647.4447919754,
  "beir_trec-covid_query_time_ms": 6884.343290934339,
  "avg_ndcg@10": 0.28599470732049653,
  "avg_recall@100": 0.4815922054384776,
  "combined_score": 0.4424727058148814,
  "total_index_time_ms": 2651980.0294190645,
  "total_query_time_ms": 308908.83670619223,
  "total_time_ms": 2960888.8661252568,
  "datasets_evaluated": 12,
  "datasets_failed": 0,
  "error": 0.0,
  "_metadata": {
    "program_path": "output/openevolve_output_freeform_fast/20260202_075458/best/best_program.py",
    "tokenizer": "lucene",
    "sample_queries": "all",
    "timestamp": "2026-02-08 18:16:22"
  }
}