{
  "beir_nfcorpus_ndcg@10": 0.32180629264867505,
  "beir_nfcorpus_recall@100": 0.24567317497356,
  "beir_nfcorpus_index_time_ms": 1810.4956250172108,
  "beir_nfcorpus_query_time_ms": 3306.864707963541,
  "bright_pony_ndcg@10": 0.04339018475799753,
  "bright_pony_recall@100": 0.17218059471803546,
  "bright_pony_index_time_ms": 2051.769374986179,
  "bright_pony_query_time_ms": 3912.450167001225,
  "beir_scifact_ndcg@10": 0.6789094274508312,
  "beir_scifact_recall@100": 0.9253333333333335,
  "beir_scifact_index_time_ms": 3268.0701250210404,
  "beir_scifact_query_time_ms": 51688.311417005025,
  "beir_arguana_ndcg@10": 0.30092344524942083,
  "beir_arguana_recall@100": 0.9357601713062098,
  "beir_arguana_index_time_ms": 3215.858415933326,
  "beir_arguana_query_time_ms": 100265.02541603986,
  "bright_theoremqa_theorems_ndcg@10": 0.021369778772850966,
  "bright_theoremqa_theorems_recall@100": 0.1337719298245614,
  "bright_theoremqa_theorems_index_time_ms": 7983.169625047594,
  "bright_theoremqa_theorems_query_time_ms": 10412.077583023347,
  "beir_scidocs_ndcg@10": 0.14904809869978664,
  "beir_scidocs_recall@100": 0.34773333333333334,
  "beir_scidocs_index_time_ms": 5200.5152920028195,
  "beir_scidocs_query_time_ms": 25727.386165992357,
  "bright_biology_ndcg@10": 0.1810182175441699,
  "bright_biology_recall@100": 0.42053955526106773,
  "bright_biology_index_time_ms": 6486.7928749881685,
  "bright_biology_query_time_ms": 6246.846374939196,
  "bright_earth_science_ndcg@10": 0.2807754293366069,
  "bright_earth_science_recall@100": 0.5955250423603419,
  "bright_earth_science_index_time_ms": 12336.304291966371,
  "bright_earth_science_query_time_ms": 5075.037834001705,
  "bright_economics_ndcg@10": 0.1644836718619339,
  "bright_economics_recall@100": 0.4076888102106773,
  "bright_economics_index_time_ms": 6726.526250015013,
  "bright_economics_query_time_ms": 8925.503541016951,
  "bright_stackoverflow_ndcg@10": 0.16184771132135797,
  "bright_stackoverflow_recall@100": 0.4093456976219619,
  "bright_stackoverflow_index_time_ms": 18791.638458962552,
  "bright_stackoverflow_query_time_ms": 11294.009750010446,
  "beir_fiqa_ndcg@10": 0.2360668075849401,
  "beir_fiqa_recall@100": 0.5394860497869757,
  "beir_fiqa_index_time_ms": 11371.239874977618,
  "beir_fiqa_query_time_ms": 28624.775500036776,
  "beir_trec-covid_ndcg@10": 0.6700378065744781,
  "beir_trec-covid_recall@100": 0.10909797387983748,
  "beir_trec-covid_index_time_ms": 34273.88816699386,
  "beir_trec-covid_query_time_ms": 8808.40466695372,
  "avg_ndcg@10": 0.26747307265025405,
  "avg_recall@100": 0.436844638884158,
  "combined_score": 0.4029703256373772,
  "total_index_time_ms": 113516.26837591175,
  "total_query_time_ms": 264286.69312398415,
  "total_time_ms": 377802.9614998959,
  "datasets_evaluated": 12,
  "datasets_failed": 0,
  "error": 0.0,
  "_metadata": {
    "program_path": "pyserini",
    "tokenizer": "lucene",
    "sample_queries": "all",
    "timestamp": "2026-02-08 12:04:14"
  }
}