{
  "bright_pony_ndcg@10": 0.09316485168557599,
  "bright_pony_recall@100": 0.31517460520928775,
  "bright_pony_index_time_ms": 4733.810112811625,
  "bright_pony_query_time_ms": 1488.6995423585176,
  "avg_ndcg@10": 0.3205499777862469,
  "avg_recall@100": 0.5161414355944769,
  "datasets_evaluated": 28,
  "datasets_failed": 0,
  "total_index_time_ms": 53582682.67081212,
  "total_query_time_ms": 24517371.9633203,
  "total_time_ms": 78100054.63413242,
  "combined_score": 0.4770231440328309,
  "error": 0.0,
  "beir_nfcorpus_ndcg@10": 0.320396237663853,
  "beir_nfcorpus_recall@100": 0.24867966898203805,
  "beir_nfcorpus_index_time_ms": 14911.187507212162,
  "beir_nfcorpus_query_time_ms": 242.06149019300938,
  "beir_scifact_ndcg@10": 0.6787525782391998,
  "beir_scifact_recall@100": 0.9208888888888889,
  "beir_scifact_index_time_ms": 22123.652005568147,
  "beir_scifact_query_time_ms": 972.1582271158695,
  "beir_arguana_ndcg@10": 0.2748315062435554,
  "beir_arguana_recall@100": 0.92790863668808,
  "beir_arguana_index_time_ms": 27721.687984652817,
  "beir_arguana_query_time_ms": 65572.16604147106,
  "bright_theoremqa_theorems_ndcg@10": 0.030078685664671336,
  "bright_theoremqa_theorems_recall@100": 0.1557017543859649,
  "bright_theoremqa_theorems_index_time_ms": 55798.364067450166,
  "bright_theoremqa_theorems_query_time_ms": 2470.852597616613,
  "beir_scidocs_ndcg@10": 0.14303583763087538,
  "beir_scidocs_recall@100": 0.34758333333333336,
  "beir_scidocs_index_time_ms": 90243.61647386104,
  "beir_scidocs_query_time_ms": 7048.8994447514415,
  "bright_psychology_ndcg@10": 0.14194014534962357,
  "bright_psychology_recall@100": 0.42761566066833645,
  "bright_psychology_index_time_ms": 47844.91611737758,
  "bright_psychology_query_time_ms": 7577.614184468985,
  "bright_economics_ndcg@10": 0.13979358032129405,
  "bright_economics_recall@100": 0.3876665608964054,
  "bright_economics_index_time_ms": 46360.90724170208,
  "bright_economics_query_time_ms": 7596.856870688498,
  "bright_robotics_ndcg@10": 0.13865093438145268,
  "bright_robotics_recall@100": 0.46690131521232286,
  "bright_robotics_index_time_ms": 40521.28135226667,
  "bright_robotics_query_time_ms": 13752.377150580287,
  "bright_biology_ndcg@10": 0.31056874308280064,
  "bright_biology_recall@100": 0.5986245486756473,
  "bright_biology_index_time_ms": 48054.291943088174,
  "bright_biology_query_time_ms": 6910.283510573208,
  "bright_sustainable_living_ndcg@10": 0.16455958846605606,
  "bright_sustainable_living_recall@100": 0.4650826346251183,
  "bright_sustainable_living_index_time_ms": 52332.85796549171,
  "bright_sustainable_living_query_time_ms": 9176.666100509465,
  "bright_earth_science_ndcg@10": 0.3179969578699402,
  "bright_earth_science_recall@100": 0.674012658671234,
  "bright_earth_science_index_time_ms": 124811.30392476916,
  "bright_earth_science_query_time_ms": 11479.786477051675,
  "beir_fiqa_ndcg@10": 0.21463147548408068,
  "beir_fiqa_recall@100": 0.5157954228556081,
  "beir_fiqa_index_time_ms": 133340.04345163703,
  "beir_fiqa_query_time_ms": 12517.856352962554,
  "bright_aops_ndcg@10": 0.03251169508534844,
  "bright_aops_recall@100": 0.15594165594165596,
  "bright_aops_index_time_ms": 403607.8120926395,
  "bright_aops_query_time_ms": 33566.378521732986,
  "bright_theoremqa_questions_ndcg@10": 0.06085462094031024,
  "bright_theoremqa_questions_recall@100": 0.16254295532646046,
  "bright_theoremqa_questions_index_time_ms": 405612.82101180404,
  "bright_theoremqa_questions_query_time_ms": 68861.53983976692,
  "bright_stackoverflow_ndcg@10": 0.1965730242437451,
  "bright_stackoverflow_recall@100": 0.491515774766764,
  "bright_stackoverflow_index_time_ms": 460892.0947453007,
  "bright_stackoverflow_query_time_ms": 25659.133640117943,
  "beir_trec-covid_ndcg@10": 0.6398145045684871,
  "beir_trec-covid_recall@100": 0.11206918931933968,
  "beir_trec-covid_index_time_ms": 578971.8628134578,
  "beir_trec-covid_query_time_ms": 2898.1351237744093,
  "beir_cqadupstack_ndcg@10": 0.439783645628363,
  "beir_cqadupstack_recall@100": 0.7512793454139767,
  "beir_cqadupstack_index_time_ms": 81409.1005353257,
  "beir_cqadupstack_query_time_ms": 23816.14909414202,
  "bright_leetcode_ndcg@10": 0.1469066261173575,
  "bright_leetcode_recall@100": 0.5015258215962441,
  "bright_leetcode_index_time_ms": 1033424.6735256165,
  "bright_leetcode_query_time_ms": 235899.06478114426,
  "beir_quora_ndcg@10": 0.6848444171470083,
  "beir_quora_recall@100": 0.9512929918503944,
  "beir_quora_index_time_ms": 193156.19680192322,
  "beir_quora_query_time_ms": 1112445.101619698,
  "beir_webis-touche2020_ndcg@10": 0.553292282058697,
  "beir_webis-touche2020_recall@100": 0.5724542695892864,
  "beir_webis-touche2020_index_time_ms": 1821606.369790621,
  "beir_webis-touche2020_query_time_ms": 3879.920764826238,
  "beir_nq_ndcg@10": 0.2687409728108083,
  "beir_nq_recall@100": 0.7394747006566241,
  "beir_nq_index_time_ms": 4693381.942274049,
  "beir_nq_query_time_ms": 1857582.0692656562,
  "beir_hotpotqa_ndcg@10": 0.6075749553970895,
  "beir_hotpotqa_recall@100": 0.7825118163403106,
  "beir_hotpotqa_index_time_ms": 5874223.5312554985,
  "beir_hotpotqa_query_time_ms": 11728983.833365142,
  "beir_dbpedia-entity_ndcg@10": 0.35229084600465393,
  "beir_dbpedia-entity_recall@100": 0.4711837538605624,
  "beir_dbpedia-entity_index_time_ms": 5670080.044777133,
  "beir_dbpedia-entity_query_time_ms": 184300.78866705298,
  "beir_fever_ndcg@10": 0.6545056394378017,
  "beir_fever_recall@100": 0.9182496225813058,
  "beir_fever_index_time_ms": 9865770.60278412,
  "beir_fever_query_time_ms": 4986280.383296311,
  "beir_climate-fever_ndcg@10": 0.15563297838589735,
  "beir_climate-fever_recall@100": 0.43107491856677527,
  "beir_climate-fever_index_time_ms": 10024740.664930083,
  "beir_climate-fever_query_time_ms": 3658482.836646028,
  "trec_dl_dl19_ndcg@10": 0.6120385912295149,
  "trec_dl_dl19_recall@100": 0.4323008851767376,
  "trec_dl_dl19_index_time_ms": 11767007.033326663,
  "trec_dl_dl19_query_time_ms": 213849.10286404192,
  "trec_dl_dl20_ndcg@10": 0.6016334568768508,
  "trec_dl_dl20_recall@100": 0.5269068065666531,
  "trec_dl_dl20_index_time_ms": 0.0,
  "trec_dl_dl20_query_time_ms": 234061.24784052372,
  "_metadata": {
    "program_path": "output/openevolve_output_QL_freeform_fast/20260205_183744/best/best_program.py",
    "tokenizer": "lucene",
    "sample_queries": "all",
    "timestamp": "2026-02-12 03:33:19",
    "evaluator": "evaluator_ql_parallel"
  },
  "average_score": 0.41834570669036186
}