{
  "bright_pony_ndcg@10": 0.039007514760150665,
  "bright_pony_recall@100": 0.2574092665110972,
  "bright_pony_index_time_ms": 7438.529445789754,
  "bright_pony_query_time_ms": 812.3871274292469,
  "avg_ndcg@10": 0.2980946871907402,
  "avg_recall@100": 0.49321162484348546,
  "datasets_evaluated": 28,
  "datasets_failed": 0,
  "total_index_time_ms": 53543007.47002289,
  "total_query_time_ms": 15659710.964454338,
  "total_time_ms": 69202718.43447722,
  "combined_score": 0.45418823731293645,
  "error": 0.0,
  "beir_nfcorpus_ndcg@10": 0.308585655790417,
  "beir_nfcorpus_recall@100": 0.24524527448164263,
  "beir_nfcorpus_index_time_ms": 14643.954258412123,
  "beir_nfcorpus_query_time_ms": 184.01117715984583,
  "beir_scifact_ndcg@10": 0.6663046013382093,
  "beir_scifact_recall@100": 0.9108888888888889,
  "beir_scifact_index_time_ms": 22206.26144297421,
  "beir_scifact_query_time_ms": 652.280013076961,
  "beir_arguana_ndcg@10": 0.2676711772721997,
  "beir_arguana_recall@100": 0.9200571020699501,
  "beir_arguana_index_time_ms": 28190.623743459582,
  "beir_arguana_query_time_ms": 31307.41848051548,
  "bright_theoremqa_theorems_ndcg@10": 0.017102309341390832,
  "bright_theoremqa_theorems_recall@100": 0.09429824561403508,
  "bright_theoremqa_theorems_index_time_ms": 55904.312290251255,
  "bright_theoremqa_theorems_query_time_ms": 1124.6780045330524,
  "beir_scidocs_ndcg@10": 0.13684076475188708,
  "beir_scidocs_recall@100": 0.33681666666666665,
  "beir_scidocs_index_time_ms": 89165.27760587633,
  "beir_scidocs_query_time_ms": 4196.410010568798,
  "bright_robotics_ndcg@10": 0.09340581101791695,
  "bright_robotics_recall@100": 0.4488527434945606,
  "bright_robotics_index_time_ms": 38731.38943966478,
  "bright_robotics_query_time_ms": 5548.615293577313,
  "bright_economics_ndcg@10": 0.14571587190950958,
  "bright_economics_recall@100": 0.3872274405075211,
  "bright_economics_index_time_ms": 46636.04258745909,
  "bright_economics_query_time_ms": 3318.613599985838,
  "bright_psychology_ndcg@10": 0.12984420615185294,
  "bright_psychology_recall@100": 0.39578004418338525,
  "bright_psychology_index_time_ms": 45144.99340578914,
  "bright_psychology_query_time_ms": 3197.7977976202965,
  "bright_sustainable_living_ndcg@10": 0.14522257805749997,
  "bright_sustainable_living_recall@100": 0.4631220566228737,
  "bright_sustainable_living_index_time_ms": 53281.646782532334,
  "bright_sustainable_living_query_time_ms": 3853.3623227849603,
  "bright_biology_ndcg@10": 0.29966447063418267,
  "bright_biology_recall@100": 0.5734329288493826,
  "bright_biology_index_time_ms": 52072.95159436762,
  "bright_biology_query_time_ms": 3050.020420923829,
  "bright_earth_science_ndcg@10": 0.3028674899470437,
  "bright_earth_science_recall@100": 0.6630402662219813,
  "bright_earth_science_index_time_ms": 122061.43823359162,
  "bright_earth_science_query_time_ms": 5066.090511158109,
  "beir_fiqa_ndcg@10": 0.18933596068865644,
  "beir_fiqa_recall@100": 0.480307107158959,
  "beir_fiqa_index_time_ms": 134996.03379983455,
  "beir_fiqa_query_time_ms": 7061.132743023336,
  "bright_aops_ndcg@10": 0.027026941427233442,
  "bright_aops_recall@100": 0.12065637065637064,
  "bright_aops_index_time_ms": 400152.89976168424,
  "bright_aops_query_time_ms": 14605.784895829856,
  "bright_theoremqa_questions_ndcg@10": 0.052688491301872385,
  "bright_theoremqa_questions_recall@100": 0.1243127147766323,
  "bright_theoremqa_questions_index_time_ms": 398317.50793848187,
  "bright_theoremqa_questions_query_time_ms": 27813.13975714147,
  "bright_stackoverflow_ndcg@10": 0.1789230972753312,
  "bright_stackoverflow_recall@100": 0.4603768588797981,
  "bright_stackoverflow_index_time_ms": 456329.8835484311,
  "bright_stackoverflow_query_time_ms": 10648.349282331765,
  "beir_trec-covid_ndcg@10": 0.5509486355753882,
  "beir_trec-covid_recall@100": 0.1004447151836982,
  "beir_trec-covid_index_time_ms": 583525.6748283282,
  "beir_trec-covid_query_time_ms": 1797.7743679657578,
  "beir_cqadupstack_ndcg@10": 0.3923983205899985,
  "beir_cqadupstack_recall@100": 0.7336178559107944,
  "beir_cqadupstack_index_time_ms": 79041.2147641182,
  "beir_cqadupstack_query_time_ms": 13630.054509267211,
  "beir_quora_ndcg@10": 0.6032214817407631,
  "beir_quora_recall@100": 0.9252902907682241,
  "beir_quora_index_time_ms": 194080.9948472306,
  "beir_quora_query_time_ms": 714493.7519365922,
  "bright_leetcode_ndcg@10": 0.12272007346319752,
  "bright_leetcode_recall@100": 0.3958920187793427,
  "bright_leetcode_index_time_ms": 1012416.6378555819,
  "bright_leetcode_query_time_ms": 80790.18556326628,
  "beir_webis-touche2020_ndcg@10": 0.5738065541642441,
  "beir_webis-touche2020_recall@100": 0.5551983678371724,
  "beir_webis-touche2020_index_time_ms": 1832909.4290761277,
  "beir_webis-touche2020_query_time_ms": 2657.878613099456,
  "beir_hotpotqa_ndcg@10": 0.5891869270281971,
  "beir_hotpotqa_recall@100": 0.7641458474004051,
  "beir_hotpotqa_index_time_ms": 5800978.620453738,
  "beir_hotpotqa_query_time_ms": 6304228.830290027,
  "beir_climate-fever_ndcg@10": 0.1635195254789122,
  "beir_climate-fever_recall@100": 0.43782844733984794,
  "beir_climate-fever_index_time_ms": 9841798.359331675,
  "beir_climate-fever_query_time_ms": 2020288.4007804096,
  "beir_nq_ndcg@10": 0.25036577910586894,
  "beir_nq_recall@100": 0.7197276940903824,
  "beir_nq_index_time_ms": 4716969.895489514,
  "beir_nq_query_time_ms": 1428255.7409889996,
  "beir_fever_ndcg@10": 0.6245541190207511,
  "beir_fever_recall@100": 0.9141317107901266,
  "beir_fever_index_time_ms": 10028675.100418739,
  "beir_fever_query_time_ms": 4525111.635492183,
  "beir_dbpedia-entity_ndcg@10": 0.33520018649383687,
  "beir_dbpedia-entity_recall@100": 0.4480224736079474,
  "beir_dbpedia-entity_index_time_ms": 5645438.8735881075,
  "beir_dbpedia-entity_query_time_ms": 148706.4014254138,
  "trec_dl_dl19_ndcg@10": 0.5677656752296296,
  "trec_dl_dl19_recall@100": 0.41238625460153805,
  "trec_dl_dl19_index_time_ms": 11841898.923491128,
  "trec_dl_dl19_query_time_ms": 141943.45818366855,
  "trec_dl_dl20_ndcg@10": 0.5727570217845824,
  "trec_dl_dl20_recall@100": 0.5214158437243672,
  "trec_dl_dl20_index_time_ms": 0.0,
  "trec_dl_dl20_query_time_ms": 155366.76086578518,
  "_metadata": {
    "program_path": "src/ranking_evolved/ql_freeform_fast.py",
    "tokenizer": "lucene",
    "sample_queries": "all",
    "timestamp": "2026-02-12 01:17:18",
    "evaluator": "evaluator_ql_parallel"
  },
  "average_score": 0.3956531560171128
}