{
  "bright_pony_ndcg@10": 0.07452230681213647,
  "bright_pony_recall@100": 0.23175663507185246,
  "bright_pony_index_time_ms": 11020.647552795708,
  "bright_pony_query_time_ms": 2293.4367982670665,
  "avg_ndcg@10": 0.3130835190425398,
  "avg_recall@100": 0.5034986824213427,
  "datasets_evaluated": 28,
  "datasets_failed": 0,
  "total_index_time_ms": 116715076.80711707,
  "total_query_time_ms": 4683539.976555854,
  "total_time_ms": 121398616.78367293,
  "combined_score": 0.46541564974558214,
  "average_score": 0.4082911007319412,
  "error": 0.0,
  "beir_nfcorpus_ndcg@10": 0.31794940862664917,
  "beir_nfcorpus_recall@100": 0.24753686714070056,
  "beir_nfcorpus_index_time_ms": 24279.581268317997,
  "beir_nfcorpus_query_time_ms": 535.6563413515687,
  "beir_scifact_ndcg@10": 0.6782652990883492,
  "beir_scifact_recall@100": 0.9286666666666668,
  "beir_scifact_index_time_ms": 34096.81673068553,
  "beir_scifact_query_time_ms": 1616.0867055878043,
  "beir_arguana_ndcg@10": 0.30680207471514,
  "beir_arguana_recall@100": 0.9507494646680942,
  "beir_arguana_index_time_ms": 36184.10280067474,
  "beir_arguana_query_time_ms": 107530.77930398285,
  "bright_theoremqa_theorems_ndcg@10": 0.01903340173971903,
  "bright_theoremqa_theorems_recall@100": 0.09429824561403508,
  "bright_theoremqa_theorems_index_time_ms": 61113.6492183432,
  "bright_theoremqa_theorems_query_time_ms": 2771.692978218198,
  "beir_scidocs_ndcg@10": 0.13575766964663255,
  "beir_scidocs_recall@100": 0.3348833333333333,
  "beir_scidocs_index_time_ms": 117878.35826352239,
  "beir_scidocs_query_time_ms": 9426.634287461638,
  "bright_biology_ndcg@10": 0.2594975652378769,
  "bright_biology_recall@100": 0.5222473035963072,
  "bright_biology_index_time_ms": 72757.861956954,
  "bright_biology_query_time_ms": 2142.1083249151707,
  "bright_economics_ndcg@10": 0.14909130861228784,
  "bright_economics_recall@100": 0.41175365836461747,
  "bright_economics_index_time_ms": 73303.70176583529,
  "bright_economics_query_time_ms": 2829.33331374079,
  "bright_robotics_ndcg@10": 0.12458684147794429,
  "bright_robotics_recall@100": 0.42018899799913195,
  "bright_robotics_index_time_ms": 75433.21805167943,
  "bright_robotics_query_time_ms": 4678.356460295618,
  "bright_psychology_ndcg@10": 0.16032118070914242,
  "bright_psychology_recall@100": 0.40061376528852716,
  "bright_psychology_index_time_ms": 83196.14211004227,
  "bright_psychology_query_time_ms": 3261.862864717841,
  "bright_sustainable_living_ndcg@10": 0.1424256408676838,
  "bright_sustainable_living_recall@100": 0.4588991356924363,
  "bright_sustainable_living_index_time_ms": 84743.69869660586,
  "bright_sustainable_living_query_time_ms": 3914.40611705184,
  "beir_fiqa_ndcg@10": 0.24637417849494148,
  "beir_fiqa_recall@100": 0.5406575035047256,
  "beir_fiqa_index_time_ms": 132479.88125309348,
  "beir_fiqa_query_time_ms": 4617.3733761534095,
  "bright_earth_science_ndcg@10": 0.36591167641610967,
  "bright_earth_science_recall@100": 0.6583038464106975,
  "bright_earth_science_index_time_ms": 201104.09414209425,
  "bright_earth_science_query_time_ms": 4338.476317003369,
  "bright_stackoverflow_ndcg@10": 0.1701055670178883,
  "bright_stackoverflow_recall@100": 0.4612668244453052,
  "bright_stackoverflow_index_time_ms": 349966.7608747259,
  "bright_stackoverflow_query_time_ms": 7971.972865983844,
  "bright_aops_ndcg@10": 0.03508999893310374,
  "bright_aops_recall@100": 0.1766945516945517,
  "bright_aops_index_time_ms": 402088.08837272227,
  "bright_aops_query_time_ms": 4039.205956272781,
  "bright_theoremqa_questions_ndcg@10": 0.06217821334329497,
  "bright_theoremqa_questions_recall@100": 0.14879725085910653,
  "bright_theoremqa_questions_index_time_ms": 407387.02191319317,
  "bright_theoremqa_questions_query_time_ms": 9804.654467850924,
  "beir_trec-covid_ndcg@10": 0.5924478274529416,
  "beir_trec-covid_recall@100": 0.10688134207095266,
  "beir_trec-covid_index_time_ms": 565347.6863056421,
  "beir_trec-covid_query_time_ms": 881.2038535252213,
  "beir_cqadupstack_ndcg@10": 0.46424134740079215,
  "beir_cqadupstack_recall@100": 0.7457300686169686,
  "beir_cqadupstack_index_time_ms": 101606.31152242422,
  "beir_cqadupstack_query_time_ms": 11797.350013628602,
  "beir_quora_ndcg@10": 0.6070510812141019,
  "beir_quora_recall@100": 0.9201073061605523,
  "beir_quora_index_time_ms": 220213.785585016,
  "beir_quora_query_time_ms": 191882.47162196785,
  "beir_webis-touche2020_ndcg@10": 0.4647381367730717,
  "beir_webis-touche2020_recall@100": 0.5599159107027839,
  "beir_webis-touche2020_index_time_ms": 1626856.0739327222,
  "beir_webis-touche2020_query_time_ms": 946.100601926446,
  "bright_leetcode_ndcg@10": 0.1384260579306073,
  "bright_leetcode_recall@100": 0.47488262910798124,
  "bright_leetcode_index_time_ms": 1724949.231586419,
  "bright_leetcode_query_time_ms": 21523.687785491347,
  "beir_nq_ndcg@10": 0.2934794633052198,
  "beir_nq_recall@100": 0.7556006179992274,
  "beir_nq_index_time_ms": 6600689.026556909,
  "beir_nq_query_time_ms": 360900.4363473505,
  "beir_dbpedia-entity_ndcg@10": 0.35320361426070757,
  "beir_dbpedia-entity_recall@100": 0.47522048946886014,
  "beir_dbpedia-entity_index_time_ms": 14081397.97978755,
  "beir_dbpedia-entity_query_time_ms": 36290.16183223575,
  "beir_hotpotqa_ndcg@10": 0.6109820470413649,
  "beir_hotpotqa_recall@100": 0.7848750844024308,
  "beir_hotpotqa_index_time_ms": 14529647.524505854,
  "beir_hotpotqa_query_time_ms": 2009013.3608141914,
  "beir_fever_ndcg@10": 0.6222530207451625,
  "beir_fever_recall@100": 0.908876840064959,
  "beir_fever_index_time_ms": 20775536.651989445,
  "beir_fever_query_time_ms": 1191521.6215308756,
  "beir_climate-fever_ndcg@10": 0.15361217562159582,
  "beir_climate-fever_recall@100": 0.4139739413680782,
  "beir_climate-fever_index_time_ms": 20756833.986922167,
  "beir_climate-fever_query_time_ms": 586972.1311330795,
  "trec_dl_dl19_ndcg@10": 0.6276751861746203,
  "trec_dl_dl19_recall@100": 0.4465068091055825,
  "trec_dl_dl19_index_time_ms": 33564964.923451655,
  "trec_dl_dl19_query_time_ms": 48484.92002021521,
  "trec_dl_dl20_ndcg@10": 0.5903162435320269,
  "trec_dl_dl20_recall@100": 0.5180780183791264,
  "trec_dl_dl20_index_time_ms": 0.0,
  "trec_dl_dl20_query_time_ms": 51554.49452251196,
  "_metadata": {
    "program_path": "src/ranking_evolved/bm25adpt_fast.py",
    "tokenizer": "lucene",
    "sample_queries": "all",
    "timestamp": "2026-02-10 03:33:27",
    "evaluator": "evaluator_parallel_wave"
  }
}