{
  "bright_pony_ndcg@10": 0.07754555413198452,
  "bright_pony_recall@100": 0.231735224044598,
  "bright_pony_index_time_ms": 6215.927665121853,
  "bright_pony_query_time_ms": 2803.6671401932836,
  "avg_ndcg@10": 0.3087938296919671,
  "avg_recall@100": 0.49269997198030574,
  "datasets_evaluated": 28,
  "datasets_failed": 0,
  "total_index_time_ms": 54182779.00175471,
  "total_query_time_ms": 4164070.9953885525,
  "total_time_ms": 58346849.99714326,
  "combined_score": 0.455918743522638,
  "average_score": 0.4007469008361364,
  "error": 0.0,
  "beir_nfcorpus_ndcg@10": 0.3154145188099883,
  "beir_nfcorpus_recall@100": 0.24740570900354952,
  "beir_nfcorpus_index_time_ms": 16184.249296784401,
  "beir_nfcorpus_query_time_ms": 778.6724986508489,
  "beir_scifact_ndcg@10": 0.6842220575220802,
  "beir_scifact_recall@100": 0.9246666666666666,
  "beir_scifact_index_time_ms": 20221.518096514046,
  "beir_scifact_query_time_ms": 2482.811611145735,
  "beir_arguana_ndcg@10": 0.32601548705982214,
  "beir_arguana_recall@100": 0.9428979300499644,
  "beir_arguana_index_time_ms": 25487.50934563577,
  "beir_arguana_query_time_ms": 107322.21718039364,
  "bright_theoremqa_theorems_ndcg@10": 0.014659888479680335,
  "bright_theoremqa_theorems_recall@100": 0.08552631578947369,
  "bright_theoremqa_theorems_index_time_ms": 51090.149112045765,
  "bright_theoremqa_theorems_query_time_ms": 2367.445803247392,
  "beir_scidocs_ndcg@10": 0.14925711710846234,
  "beir_scidocs_recall@100": 0.34575,
  "beir_scidocs_index_time_ms": 91718.65352336317,
  "beir_scidocs_query_time_ms": 8548.237088136375,
  "bright_psychology_ndcg@10": 0.11468973452780903,
  "bright_psychology_recall@100": 0.3412440354644456,
  "bright_psychology_index_time_ms": 37815.95574878156,
  "bright_psychology_query_time_ms": 3119.391825981438,
  "bright_robotics_ndcg@10": 0.09720400338791849,
  "bright_robotics_recall@100": 0.37429297982588605,
  "bright_robotics_index_time_ms": 35318.34571901709,
  "bright_robotics_query_time_ms": 4797.050709836185,
  "bright_economics_ndcg@10": 0.13176109513096992,
  "bright_economics_recall@100": 0.3882409862278509,
  "bright_economics_index_time_ms": 40389.08555731177,
  "bright_economics_query_time_ms": 3320.9935184568167,
  "bright_biology_ndcg@10": 0.2028643106865861,
  "bright_biology_recall@100": 0.49214291641476104,
  "bright_biology_index_time_ms": 41036.0344722867,
  "bright_biology_query_time_ms": 2609.183458611369,
  "bright_sustainable_living_ndcg@10": 0.129602325253041,
  "bright_sustainable_living_recall@100": 0.37315705490950596,
  "bright_sustainable_living_index_time_ms": 41775.1160338521,
  "bright_sustainable_living_query_time_ms": 4597.452087327838,
  "bright_earth_science_ndcg@10": 0.23278338922624034,
  "bright_earth_science_recall@100": 0.6024071329708806,
  "bright_earth_science_index_time_ms": 108170.773813501,
  "bright_earth_science_query_time_ms": 4227.759483270347,
  "beir_fiqa_ndcg@10": 0.24298715314543928,
  "beir_fiqa_recall@100": 0.5441659506474321,
  "beir_fiqa_index_time_ms": 116664.97675515711,
  "beir_fiqa_query_time_ms": 6795.13281583786,
  "bright_stackoverflow_ndcg@10": 0.1641785962901476,
  "bright_stackoverflow_recall@100": 0.4644563013487279,
  "bright_stackoverflow_index_time_ms": 319546.57368920743,
  "bright_stackoverflow_query_time_ms": 12032.552259042859,
  "bright_theoremqa_questions_ndcg@10": 0.06131862629500297,
  "bright_theoremqa_questions_recall@100": 0.15695876288659794,
  "bright_theoremqa_questions_index_time_ms": 353829.6786667779,
  "bright_theoremqa_questions_query_time_ms": 11769.037426449358,
  "bright_aops_ndcg@10": 0.03330683878439028,
  "bright_aops_recall@100": 0.17133204633204632,
  "bright_aops_index_time_ms": 362267.0125262812,
  "bright_aops_query_time_ms": 5563.992858864367,
  "beir_trec-covid_ndcg@10": 0.6432440628850157,
  "beir_trec-covid_recall@100": 0.10598350848268417,
  "beir_trec-covid_index_time_ms": 517132.8936452046,
  "beir_trec-covid_query_time_ms": 697.5886579602957,
  "beir_cqadupstack_ndcg@10": 0.4908636949068586,
  "beir_cqadupstack_recall@100": 0.7692358157434053,
  "beir_cqadupstack_index_time_ms": 74241.82385019958,
  "beir_cqadupstack_query_time_ms": 10171.373731456697,
  "beir_quora_ndcg@10": 0.8025948472513493,
  "beir_quora_recall@100": 0.9754250566380042,
  "beir_quora_index_time_ms": 175486.48587428033,
  "beir_quora_query_time_ms": 216382.76534341276,
  "bright_leetcode_ndcg@10": 0.14699317911877577,
  "bright_leetcode_recall@100": 0.4751173708920188,
  "bright_leetcode_index_time_ms": 894691.6207382455,
  "bright_leetcode_query_time_ms": 19002.007665112615,
  "beir_webis-touche2020_ndcg@10": 0.3499679256117768,
  "beir_webis-touche2020_recall@100": 0.5613408645693528,
  "beir_webis-touche2020_index_time_ms": 1395271.6963980347,
  "beir_webis-touche2020_query_time_ms": 882.044997997582,
  "beir_nq_ndcg@10": 0.292956562354007,
  "beir_nq_recall@100": 0.7397643877945153,
  "beir_nq_index_time_ms": 4844925.045160577,
  "beir_nq_query_time_ms": 309576.62501744926,
  "beir_dbpedia-entity_ndcg@10": 0.3606263291575853,
  "beir_dbpedia-entity_recall@100": 0.46420803982197795,
  "beir_dbpedia-entity_index_time_ms": 5834540.715573356,
  "beir_dbpedia-entity_query_time_ms": 31924.64948259294,
  "beir_hotpotqa_ndcg@10": 0.6224776959520076,
  "beir_hotpotqa_recall@100": 0.7912896691424713,
  "beir_hotpotqa_index_time_ms": 6160573.975858279,
  "beir_hotpotqa_query_time_ms": 1778428.6794206128,
  "beir_fever_ndcg@10": 0.5903234425669621,
  "beir_fever_recall@100": 0.8956805204329956,
  "beir_fever_index_time_ms": 10187286.381472833,
  "beir_fever_query_time_ms": 1035942.2473767772,
  "beir_climate-fever_ndcg@10": 0.14696959364266302,
  "beir_climate-fever_recall@100": 0.3973724212812161,
  "beir_climate-fever_index_time_ms": 10228877.649125643,
  "beir_climate-fever_query_time_ms": 496372.65489064157,
  "trec_dl_dl19_ndcg@10": 0.6352035756626135,
  "trec_dl_dl19_recall@100": 0.44218276800425604,
  "trec_dl_dl19_index_time_ms": 12202019.154036418,
  "trec_dl_dl19_query_time_ms": 39993.893968872726,
  "trec_dl_dl20_ndcg@10": 0.5861956264259006,
  "trec_dl_dl20_recall@100": 0.4916187800632758,
  "trec_dl_dl20_index_time_ms": 0.0,
  "trec_dl_dl20_query_time_ms": 41560.86707022041,
  "_metadata": {
    "program_path": "src/ranking_evolved/bm25plus_fast.py",
    "tokenizer": "lucene",
    "sample_queries": "all",
    "timestamp": "2026-02-09 10:22:39",
    "evaluator": "evaluator_parallel_wave"
  }
}