{
  "bright_pony_ndcg@10": 0.06807678848681673,
  "bright_pony_recall@100": 0.21746498801193961,
  "bright_pony_index_time_ms": 7476.179683580995,
  "bright_pony_query_time_ms": 2985.630356706679,
  "avg_ndcg@10": 0.30954973025668614,
  "avg_recall@100": 0.4922014737233847,
  "datasets_evaluated": 28,
  "datasets_failed": 0,
  "total_index_time_ms": 54343995.05021144,
  "total_query_time_ms": 4225990.531645715,
  "total_time_ms": 58569985.58185715,
  "combined_score": 0.45567112503004503,
  "average_score": 0.4008756019900354,
  "error": 0.0,
  "beir_nfcorpus_ndcg@10": 0.3171006575647093,
  "beir_nfcorpus_recall@100": 0.24764066618462205,
  "beir_nfcorpus_index_time_ms": 17153.41337490827,
  "beir_nfcorpus_query_time_ms": 690.3212405741215,
  "beir_scifact_ndcg@10": 0.682215130038385,
  "beir_scifact_recall@100": 0.9279999999999999,
  "beir_scifact_index_time_ms": 22730.664674192667,
  "beir_scifact_query_time_ms": 2348.8531801849604,
  "beir_arguana_ndcg@10": 0.33167803666147944,
  "beir_arguana_recall@100": 0.9500356887937188,
  "beir_arguana_index_time_ms": 26862.806245684624,
  "beir_arguana_query_time_ms": 149690.51761552691,
  "bright_theoremqa_theorems_ndcg@10": 0.014594003091262228,
  "bright_theoremqa_theorems_recall@100": 0.07894736842105263,
  "bright_theoremqa_theorems_index_time_ms": 51098.557760939,
  "bright_theoremqa_theorems_query_time_ms": 3390.840976499021,
  "beir_scidocs_ndcg@10": 0.15292200348910567,
  "beir_scidocs_recall@100": 0.3531333333333334,
  "beir_scidocs_index_time_ms": 93113.35963197052,
  "beir_scidocs_query_time_ms": 11354.13750167936,
  "bright_robotics_ndcg@10": 0.09383084461535696,
  "bright_robotics_recall@100": 0.3618058067388295,
  "bright_robotics_index_time_ms": 34296.09685018659,
  "bright_robotics_query_time_ms": 5244.114859029651,
  "bright_economics_ndcg@10": 0.13811309932283974,
  "bright_economics_recall@100": 0.3886693461793405,
  "bright_economics_index_time_ms": 39309.17798075825,
  "bright_economics_query_time_ms": 3473.2620595023036,
  "bright_psychology_ndcg@10": 0.11430133508293117,
  "bright_psychology_recall@100": 0.3412440354644456,
  "bright_psychology_index_time_ms": 40731.10816441476,
  "bright_psychology_query_time_ms": 3488.961987197399,
  "bright_biology_ndcg@10": 0.19055020164100978,
  "bright_biology_recall@100": 0.4853467999099067,
  "bright_biology_index_time_ms": 43562.46023345739,
  "bright_biology_query_time_ms": 2755.5100293830037,
  "bright_sustainable_living_ndcg@10": 0.12649697812089442,
  "bright_sustainable_living_recall@100": 0.37222659013100196,
  "bright_sustainable_living_index_time_ms": 43387.17451877892,
  "bright_sustainable_living_query_time_ms": 4235.73883343488,
  "bright_earth_science_ndcg@10": 0.23379299600354117,
  "bright_earth_science_recall@100": 0.6066083197151708,
  "bright_earth_science_index_time_ms": 101610.33036373556,
  "bright_earth_science_query_time_ms": 4935.244319960475,
  "beir_fiqa_ndcg@10": 0.24843907869398565,
  "beir_fiqa_recall@100": 0.5452890645020275,
  "beir_fiqa_index_time_ms": 113229.62167300284,
  "beir_fiqa_query_time_ms": 6956.779912114143,
  "bright_stackoverflow_ndcg@10": 0.16468684654719906,
  "bright_stackoverflow_recall@100": 0.4684400765189438,
  "bright_stackoverflow_index_time_ms": 301682.71176237613,
  "bright_stackoverflow_query_time_ms": 11355.037311092019,
  "bright_aops_ndcg@10": 0.034976893793444284,
  "bright_aops_recall@100": 0.16832904332904333,
  "bright_aops_index_time_ms": 376476.1053835973,
  "bright_aops_query_time_ms": 6709.181951358914,
  "bright_theoremqa_questions_ndcg@10": 0.059590919115749194,
  "bright_theoremqa_questions_recall@100": 0.14493127147766324,
  "bright_theoremqa_questions_index_time_ms": 371466.0104447976,
  "bright_theoremqa_questions_query_time_ms": 12246.924274601042,
  "beir_trec-covid_ndcg@10": 0.6685306953897223,
  "beir_trec-covid_recall@100": 0.10869042008370389,
  "beir_trec-covid_index_time_ms": 512998.3481140807,
  "beir_trec-covid_query_time_ms": 1007.5755650177598,
  "beir_cqadupstack_ndcg@10": 0.4924659689726062,
  "beir_cqadupstack_recall@100": 0.7758868084288806,
  "beir_cqadupstack_index_time_ms": 74294.32866163552,
  "beir_cqadupstack_query_time_ms": 15158.431626856327,
  "beir_quora_ndcg@10": 0.8047391456744756,
  "beir_quora_recall@100": 0.9760498185427663,
  "beir_quora_index_time_ms": 179205.55337052792,
  "beir_quora_query_time_ms": 221652.69538760185,
  "bright_leetcode_ndcg@10": 0.14803223931330067,
  "bright_leetcode_recall@100": 0.4715962441314554,
  "bright_leetcode_index_time_ms": 881592.4833798781,
  "bright_leetcode_query_time_ms": 22677.84701101482,
  "beir_webis-touche2020_ndcg@10": 0.3600506771651435,
  "beir_webis-touche2020_recall@100": 0.5645107364716315,
  "beir_webis-touche2020_index_time_ms": 1404465.7425936311,
  "beir_webis-touche2020_query_time_ms": 948.0693666264415,
  "beir_nq_ndcg@10": 0.2961067853944153,
  "beir_nq_recall@100": 0.7459443800695249,
  "beir_nq_index_time_ms": 4901824.763303623,
  "beir_nq_query_time_ms": 314977.9904624447,
  "beir_dbpedia-entity_ndcg@10": 0.36154478342112717,
  "beir_dbpedia-entity_recall@100": 0.4665957504319486,
  "beir_dbpedia-entity_index_time_ms": 5824262.285640463,
  "beir_dbpedia-entity_query_time_ms": 31843.120164237916,
  "beir_hotpotqa_ndcg@10": 0.6197236305664657,
  "beir_hotpotqa_recall@100": 0.7894665766374072,
  "beir_hotpotqa_index_time_ms": 6164597.745788284,
  "beir_hotpotqa_query_time_ms": 1785728.1918730587,
  "beir_fever_ndcg@10": 0.5761694854704942,
  "beir_fever_recall@100": 0.8927223674748427,
  "beir_fever_index_time_ms": 10190479.808512144,
  "beir_fever_query_time_ms": 1013791.4802646264,
  "beir_climate-fever_ndcg@10": 0.15066479528345098,
  "beir_climate-fever_recall@100": 0.40491856677524435,
  "beir_climate-fever_index_time_ms": 10198379.089361057,
  "beir_climate-fever_query_time_ms": 503365.6702786684,
  "trec_dl_dl19_ndcg@10": 0.6272325954387736,
  "trec_dl_dl19_recall@100": 0.44087184992330697,
  "trec_dl_dl19_index_time_ms": 12327709.122739732,
  "trec_dl_dl19_query_time_ms": 40115.862243808806,
  "trec_dl_dl20_ndcg@10": 0.5907658328285255,
  "trec_dl_dl20_recall@100": 0.4862753465730155,
  "trec_dl_dl20_index_time_ms": 0.0,
  "trec_dl_dl20_query_time_ms": 42862.54099290818,
  "_metadata": {
    "program_path": "src/ranking_evolved/bm25l_fast.py",
    "tokenizer": "lucene",
    "sample_queries": "all",
    "timestamp": "2026-02-09 10:25:54",
    "evaluator": "evaluator_parallel_wave"
  }
}