{
  "bright_pony_ndcg@10": 0.06459818634237625,
  "bright_pony_recall@100": 0.21577672580165227,
  "bright_pony_index_time_ms": 8796.05973791331,
  "bright_pony_query_time_ms": 2491.1041129380465,
  "avg_ndcg@10": 0.32339338022785036,
  "avg_recall@100": 0.49393514382494924,
  "datasets_evaluated": 28,
  "datasets_failed": 0,
  "total_index_time_ms": 114311773.85689783,
  "total_query_time_ms": 5097829.703105614,
  "total_time_ms": 119409603.56000344,
  "combined_score": 0.4598267911055295,
  "average_score": 0.4086642620263998,
  "error": 0.0,
  "beir_nfcorpus_ndcg@10": 0.32734111320200543,
  "beir_nfcorpus_recall@100": 0.24720858522633185,
  "beir_nfcorpus_index_time_ms": 17457.32302032411,
  "beir_nfcorpus_query_time_ms": 661.8011528626084,
  "beir_scifact_ndcg@10": 0.6741142692859231,
  "beir_scifact_recall@100": 0.9253333333333335,
  "beir_scifact_index_time_ms": 23941.668544895947,
  "beir_scifact_query_time_ms": 1966.0361791029572,
  "beir_arguana_ndcg@10": 0.28140897949324734,
  "beir_arguana_recall@100": 0.9229122055674518,
  "beir_arguana_index_time_ms": 29472.953578457236,
  "beir_arguana_query_time_ms": 123350.75842682272,
  "bright_theoremqa_theorems_ndcg@10": 0.02375555984982585,
  "bright_theoremqa_theorems_recall@100": 0.125,
  "bright_theoremqa_theorems_index_time_ms": 46150.169340893626,
  "bright_theoremqa_theorems_query_time_ms": 2904.2405523359776,
  "beir_scidocs_ndcg@10": 0.14501095492961688,
  "beir_scidocs_recall@100": 0.3467166666666667,
  "beir_scidocs_index_time_ms": 97201.11404266208,
  "beir_scidocs_query_time_ms": 9061.324247159064,
  "bright_economics_ndcg@10": 0.1492522729802786,
  "bright_economics_recall@100": 0.4057301227399517,
  "bright_economics_index_time_ms": 49794.20247953385,
  "bright_economics_query_time_ms": 2851.683175191283,
  "bright_robotics_ndcg@10": 0.10328477382275181,
  "bright_robotics_recall@100": 0.3918559546107595,
  "bright_robotics_index_time_ms": 50066.724533215165,
  "bright_robotics_query_time_ms": 4241.737791337073,
  "bright_psychology_ndcg@10": 0.15538197135803491,
  "bright_psychology_recall@100": 0.36126944298257296,
  "bright_psychology_index_time_ms": 52946.6389445588,
  "bright_psychology_query_time_ms": 2836.135816760361,
  "bright_biology_ndcg@10": 0.24250935234410756,
  "bright_biology_recall@100": 0.48064310639681107,
  "bright_biology_index_time_ms": 53971.40684071928,
  "bright_biology_query_time_ms": 2357.8948825597763,
  "bright_sustainable_living_ndcg@10": 0.16484715349854195,
  "bright_sustainable_living_recall@100": 0.3859602148940385,
  "bright_sustainable_living_index_time_ms": 55691.24736730009,
  "bright_sustainable_living_query_time_ms": 4192.620896734297,
  "beir_fiqa_ndcg@10": 0.22124935993933623,
  "beir_fiqa_recall@100": 0.5193324636611674,
  "beir_fiqa_index_time_ms": 121804.26459386945,
  "beir_fiqa_query_time_ms": 5455.237339250743,
  "bright_earth_science_ndcg@10": 0.35339312926290956,
  "bright_earth_science_recall@100": 0.6405805854762299,
  "bright_earth_science_index_time_ms": 145276.28718223423,
  "bright_earth_science_query_time_ms": 5099.173059687018,
  "bright_stackoverflow_ndcg@10": 0.1855388246501093,
  "bright_stackoverflow_recall@100": 0.46042021397930727,
  "bright_stackoverflow_index_time_ms": 320542.3461571336,
  "bright_stackoverflow_query_time_ms": 10520.853315480053,
  "bright_aops_ndcg@10": 0.031017888851145824,
  "bright_aops_recall@100": 0.1491312741312741,
  "bright_aops_index_time_ms": 379884.65416710824,
  "bright_aops_query_time_ms": 4910.715769045055,
  "bright_theoremqa_questions_ndcg@10": 0.050987542051689136,
  "bright_theoremqa_questions_recall@100": 0.13805841924398624,
  "bright_theoremqa_questions_index_time_ms": 385737.5720879063,
  "bright_theoremqa_questions_query_time_ms": 11368.730207905173,
  "beir_trec-covid_ndcg@10": 0.6657675970218604,
  "beir_trec-covid_recall@100": 0.10849034784050399,
  "beir_trec-covid_index_time_ms": 544797.4790772423,
  "beir_trec-covid_query_time_ms": 978.3988781273365,
  "beir_cqadupstack_ndcg@10": 0.4768181626797541,
  "beir_cqadupstack_recall@100": 0.7589482469353779,
  "beir_cqadupstack_index_time_ms": 82895.64636629075,
  "beir_cqadupstack_query_time_ms": 13257.068012841046,
  "beir_quora_ndcg@10": 0.7726410316762585,
  "beir_quora_recall@100": 0.9695773456518382,
  "beir_quora_index_time_ms": 200387.7029782161,
  "beir_quora_query_time_ms": 240690.6893933192,
  "bright_leetcode_ndcg@10": 0.13753685282197634,
  "bright_leetcode_recall@100": 0.470774647887324,
  "bright_leetcode_index_time_ms": 1297449.844174087,
  "bright_leetcode_query_time_ms": 22808.99095442146,
  "beir_webis-touche2020_ndcg@10": 0.4686715518322046,
  "beir_webis-touche2020_recall@100": 0.5785967262785866,
  "beir_webis-touche2020_index_time_ms": 1545973.042273894,
  "beir_webis-touche2020_query_time_ms": 1019.4039447233081,
  "beir_nq_ndcg@10": 0.2905024574975474,
  "beir_nq_recall@100": 0.7331981460023175,
  "beir_nq_index_time_ms": 6348235.217154957,
  "beir_nq_query_time_ms": 415962.8722285852,
  "beir_dbpedia-entity_ndcg@10": 0.36936128312392064,
  "beir_dbpedia-entity_recall@100": 0.4657296712563715,
  "beir_dbpedia-entity_index_time_ms": 13695408.249630593,
  "beir_dbpedia-entity_query_time_ms": 38601.48345399648,
  "beir_hotpotqa_ndcg@10": 0.6284198156239545,
  "beir_hotpotqa_recall@100": 0.7941931127616475,
  "beir_hotpotqa_index_time_ms": 14638948.17413576,
  "beir_hotpotqa_query_time_ms": 2201217.0178592205,
  "beir_fever_ndcg@10": 0.6696015367346704,
  "beir_fever_recall@100": 0.9171377852070921,
  "beir_fever_index_time_ms": 20535443.94243881,
  "beir_fever_query_time_ms": 1255656.5047381446,
  "beir_climate-fever_ndcg@10": 0.1447885947151523,
  "beir_climate-fever_recall@100": 0.401357220412595,
  "beir_climate-fever_index_time_ms": 19801243.20081249,
  "beir_climate-fever_query_time_ms": 611493.2391894981,
  "trec_dl_dl19_ndcg@10": 0.6536849384285459,
  "trec_dl_dl19_recall@100": 0.43839299283877103,
  "trec_dl_dl19_index_time_ms": 33782256.72523677,
  "trec_dl_dl19_query_time_ms": 49335.994901135564,
  "trec_dl_dl20_ndcg@10": 0.6035294923620659,
  "trec_dl_dl20_recall@100": 0.4778584693146158,
  "trec_dl_dl20_index_time_ms": 0.0,
  "trec_dl_dl20_query_time_ms": 52537.992626428604,
  "_metadata": {
    "program_path": "src/ranking_evolved/bm25t_fast.py",
    "tokenizer": "lucene",
    "sample_queries": "all",
    "timestamp": "2026-02-10 06:37:45",
    "evaluator": "evaluator_parallel_wave"
  }
}