{
  "bright_pony_ndcg@10": 0.05277470947687134,
  "bright_pony_recall@100": 0.19910680720034266,
  "bright_pony_index_time_ms": 5634.746003895998,
  "bright_pony_query_time_ms": 2195.4790484160185,
  "avg_ndcg@10": 0.31929070511033997,
  "avg_recall@100": 0.49449041494019247,
  "datasets_evaluated": 28,
  "datasets_failed": 0,
  "total_index_time_ms": 54004493.347686715,
  "total_query_time_ms": 3940210.1860670373,
  "total_time_ms": 57944703.53375375,
  "combined_score": 0.459450472974222,
  "error": 0.0,
  "beir_nfcorpus_ndcg@10": 0.3199396538132629,
  "beir_nfcorpus_recall@100": 0.24808782189321554,
  "beir_nfcorpus_index_time_ms": 13272.632589563727,
  "beir_nfcorpus_query_time_ms": 663.614297285676,
  "beir_scifact_ndcg@10": 0.6768873734115012,
  "beir_scifact_recall@100": 0.9286666666666668,
  "beir_scifact_index_time_ms": 22123.514991253614,
  "beir_scifact_query_time_ms": 2307.0941688492894,
  "beir_arguana_ndcg@10": 0.3025217556817508,
  "beir_arguana_recall@100": 0.9343326195574589,
  "beir_arguana_index_time_ms": 16706.365762278438,
  "beir_arguana_query_time_ms": 124227.98412293196,
  "bright_theoremqa_theorems_ndcg@10": 0.014416088844160702,
  "bright_theoremqa_theorems_recall@100": 0.10964912280701752,
  "bright_theoremqa_theorems_index_time_ms": 54584.411836229265,
  "bright_theoremqa_theorems_query_time_ms": 2813.301402144134,
  "beir_scidocs_ndcg@10": 0.14979201176022772,
  "beir_scidocs_recall@100": 0.3468833333333334,
  "beir_scidocs_index_time_ms": 92721.30037285388,
  "beir_scidocs_query_time_ms": 9740.45589659363,
  "bright_robotics_ndcg@10": 0.11063980475861515,
  "bright_robotics_recall@100": 0.37756578933049517,
  "bright_robotics_index_time_ms": 35182.50668793917,
  "bright_robotics_query_time_ms": 4269.324829801917,
  "bright_economics_ndcg@10": 0.15657061735965494,
  "bright_economics_recall@100": 0.40356356527116094,
  "bright_economics_index_time_ms": 38566.83014519513,
  "bright_economics_query_time_ms": 3006.417158059776,
  "bright_psychology_ndcg@10": 0.12894618386298812,
  "bright_psychology_recall@100": 0.3524294204078331,
  "bright_psychology_index_time_ms": 40431.31989147514,
  "bright_psychology_query_time_ms": 3434.8055347800255,
  "bright_biology_ndcg@10": 0.180257260158728,
  "bright_biology_recall@100": 0.42830654555232994,
  "bright_biology_index_time_ms": 43351.94647498429,
  "bright_biology_query_time_ms": 2678.7668699398637,
  "bright_sustainable_living_ndcg@10": 0.15816761663827647,
  "bright_sustainable_living_recall@100": 0.39575038236394444,
  "bright_sustainable_living_index_time_ms": 44586.474855430424,
  "bright_sustainable_living_query_time_ms": 4125.160009600222,
  "bright_earth_science_ndcg@10": 0.28555338880175135,
  "bright_earth_science_recall@100": 0.6105052010905005,
  "bright_earth_science_index_time_ms": 106504.09729965031,
  "bright_earth_science_query_time_ms": 3162.5504177063704,
  "beir_fiqa_ndcg@10": 0.23628064633928716,
  "beir_fiqa_recall@100": 0.5372055285249729,
  "beir_fiqa_index_time_ms": 111467.27777831256,
  "beir_fiqa_query_time_ms": 4684.697584249079,
  "bright_stackoverflow_ndcg@10": 0.16716707342719356,
  "bright_stackoverflow_recall@100": 0.4677551467528365,
  "bright_stackoverflow_index_time_ms": 306270.2449411154,
  "bright_stackoverflow_query_time_ms": 9047.273847274482,
  "bright_aops_ndcg@10": 0.031813628289741505,
  "bright_aops_recall@100": 0.16891891891891891,
  "bright_aops_index_time_ms": 372255.59577997774,
  "bright_aops_query_time_ms": 5049.808810465038,
  "bright_theoremqa_questions_ndcg@10": 0.05856186308421794,
  "bright_theoremqa_questions_recall@100": 0.15266323024054984,
  "bright_theoremqa_questions_index_time_ms": 374221.3899679482,
  "bright_theoremqa_questions_query_time_ms": 10407.090617343783,
  "beir_trec-covid_ndcg@10": 0.6690641874088263,
  "beir_trec-covid_recall@100": 0.10910286897272853,
  "beir_trec-covid_index_time_ms": 527034.8696038127,
  "beir_trec-covid_query_time_ms": 883.3667673170567,
  "beir_cqadupstack_ndcg@10": 0.48182667744992463,
  "beir_cqadupstack_recall@100": 0.7629139766629454,
  "beir_cqadupstack_index_time_ms": 76946.41669094563,
  "beir_cqadupstack_query_time_ms": 12981.17792326957,
  "bright_leetcode_ndcg@10": 0.14497738492911014,
  "bright_leetcode_recall@100": 0.47922535211267614,
  "bright_leetcode_index_time_ms": 894957.1119993925,
  "bright_leetcode_query_time_ms": 17767.53199659288,
  "beir_quora_ndcg@10": 0.7879294152565774,
  "beir_quora_recall@100": 0.9733632330364776,
  "beir_quora_index_time_ms": 171993.71886719018,
  "beir_quora_query_time_ms": 203558.25815536082,
  "beir_webis-touche2020_ndcg@10": 0.4618043581748622,
  "beir_webis-touche2020_recall@100": 0.5832596644668704,
  "beir_webis-touche2020_index_time_ms": 1365093.0067850277,
  "beir_webis-touche2020_query_time_ms": 917.0441245660186,
  "beir_nq_ndcg@10": 0.3060533103546443,
  "beir_nq_recall@100": 0.753765932792584,
  "beir_nq_index_time_ms": 4825355.972335674,
  "beir_nq_query_time_ms": 296658.4211215377,
  "beir_dbpedia-entity_ndcg@10": 0.3730929335840373,
  "beir_dbpedia-entity_recall@100": 0.47127413427440884,
  "beir_dbpedia-entity_index_time_ms": 5808274.501719512,
  "beir_dbpedia-entity_query_time_ms": 30959.9069096148,
  "beir_fever_ndcg@10": 0.6484173736996179,
  "beir_fever_recall@100": 0.9172907171669548,
  "beir_fever_index_time_ms": 10194958.748451434,
  "beir_fever_query_time_ms": 972000.2511152998,
  "beir_hotpotqa_ndcg@10": 0.632529058300026,
  "beir_hotpotqa_recall@100": 0.7959486833220797,
  "beir_hotpotqa_index_time_ms": 6132644.537414424,
  "beir_hotpotqa_query_time_ms": 1671115.4233152047,
  "beir_climate-fever_ndcg@10": 0.16095202720057342,
  "beir_climate-fever_recall@100": 0.41783930510314876,
  "beir_climate-fever_index_time_ms": 10097220.54677736,
  "beir_climate-fever_query_time_ms": 461630.23534137756,
  "_metadata": {
    "program_path": "src/ranking_evolved/bm25_freeform_fast.py",
    "tokenizer": "lucene",
    "sample_queries": "all",
    "timestamp": "2026-02-11 22:33:46",
    "evaluator": "evaluator_parallel_wave"
  },
  "trec_dl_dl19_ndcg@10": 0.6512517397867555,
  "trec_dl_dl19_recall@100": 0.43631253797880953,
  "trec_dl_dl19_index_time_ms": 12232133.26166384,
  "trec_dl_dl19_query_time_ms": 38886.33015193045,
  "average_score": 0.40689056002526625,
  "trec_dl_dl20_ndcg@10": 0.591951601236334,
  "trec_dl_dl20_recall@100": 0.48404511252412596,
  "trec_dl_dl20_index_time_ms": 0.0,
  "trec_dl_dl20_query_time_ms": 41038.41452952474
}