{
  "beir_nfcorpus_ndcg@10": 0.29943610161652356,
  "beir_nfcorpus_recall@100": 0.23877373089210677,
  "beir_nfcorpus_index_time_ms": 9571.184259839356,
  "beir_nfcorpus_query_time_ms": 196.14273589104414,
  "avg_ndcg@10": 0.287619992875218,
  "avg_recall@100": 0.468586505695029,
  "datasets_evaluated": 28,
  "datasets_failed": 0,
  "total_index_time_ms": 53107154.9313711,
  "total_query_time_ms": 19638609.378327616,
  "total_time_ms": 72745764.30969872,
  "combined_score": 0.43239320313106683,
  "average_score": 0.3781032492851235,
  "error": 0.0,
  "bright_pony_ndcg@10": 0.09444646382649821,
  "bright_pony_recall@100": 0.24752295338087266,
  "bright_pony_index_time_ms": 7509.9950432777405,
  "bright_pony_query_time_ms": 778.5809487104416,
  "beir_scifact_ndcg@10": 0.6602350680733328,
  "beir_scifact_recall@100": 0.9012222222222223,
  "beir_scifact_index_time_ms": 19626.74048729241,
  "beir_scifact_query_time_ms": 608.7558874860406,
  "beir_arguana_ndcg@10": 0.3087817283060955,
  "beir_arguana_recall@100": 0.9193433261955746,
  "beir_arguana_index_time_ms": 27750.59881620109,
  "beir_arguana_query_time_ms": 28774.755905382335,
  "bright_theoremqa_theorems_ndcg@10": 0.016836364981879244,
  "bright_theoremqa_theorems_recall@100": 0.08333333333333333,
  "bright_theoremqa_theorems_index_time_ms": 51837.24731672555,
  "bright_theoremqa_theorems_query_time_ms": 1033.9416908100247,
  "beir_scidocs_ndcg@10": 0.13522299317315964,
  "beir_scidocs_recall@100": 0.32465000000000005,
  "beir_scidocs_index_time_ms": 94014.72123432904,
  "beir_scidocs_query_time_ms": 3912.8028359264135,
  "bright_robotics_ndcg@10": 0.09343153480430422,
  "bright_robotics_recall@100": 0.3739631310685475,
  "bright_robotics_index_time_ms": 40852.01329458505,
  "bright_robotics_query_time_ms": 4892.848932184279,
  "bright_economics_ndcg@10": 0.13616629771191452,
  "bright_economics_recall@100": 0.3770559387687947,
  "bright_economics_index_time_ms": 43295.365165919065,
  "bright_economics_query_time_ms": 3022.4590683355927,
  "bright_psychology_ndcg@10": 0.12277867637368396,
  "bright_psychology_recall@100": 0.31780361036024224,
  "bright_psychology_index_time_ms": 44230.21052032709,
  "bright_psychology_query_time_ms": 3110.546405427158,
  "bright_biology_ndcg@10": 0.21848716939713123,
  "bright_biology_recall@100": 0.49767008384790706,
  "bright_biology_index_time_ms": 50298.013949766755,
  "bright_biology_query_time_ms": 2751.930453814566,
  "bright_sustainable_living_ndcg@10": 0.140079461237588,
  "bright_sustainable_living_recall@100": 0.3663831612892071,
  "bright_sustainable_living_index_time_ms": 50414.87105190754,
  "bright_sustainable_living_query_time_ms": 3505.4338313639164,
  "bright_earth_science_ndcg@10": 0.264102400018481,
  "bright_earth_science_recall@100": 0.6005467970474775,
  "bright_earth_science_index_time_ms": 116803.40008810163,
  "bright_earth_science_query_time_ms": 4597.501376643777,
  "beir_fiqa_ndcg@10": 0.21714365624651277,
  "beir_fiqa_recall@100": 0.5032445563695563,
  "beir_fiqa_index_time_ms": 133188.5547703132,
  "beir_fiqa_query_time_ms": 7158.604984171689,
  "bright_aops_ndcg@10": 0.033412843130486015,
  "bright_aops_recall@100": 0.1688116688116688,
  "bright_aops_index_time_ms": 407500.61892252415,
  "bright_aops_query_time_ms": 13692.135288380086,
  "bright_theoremqa_questions_ndcg@10": 0.06171383991624072,
  "bright_theoremqa_questions_recall@100": 0.15395189003436427,
  "bright_theoremqa_questions_index_time_ms": 403702.260277234,
  "bright_theoremqa_questions_query_time_ms": 26128.80061380565,
  "bright_stackoverflow_ndcg@10": 0.13858889962772644,
  "bright_stackoverflow_recall@100": 0.39236036059385176,
  "bright_stackoverflow_index_time_ms": 460519.68558412045,
  "bright_stackoverflow_query_time_ms": 9492.799574509263,
  "beir_trec-covid_ndcg@10": 0.5718459021934437,
  "beir_trec-covid_recall@100": 0.08544604485313693,
  "beir_trec-covid_index_time_ms": 588978.9482615888,
  "beir_trec-covid_query_time_ms": 1778.329597786069,
  "beir_cqadupstack_ndcg@10": 0.47062369041623786,
  "beir_cqadupstack_recall@100": 0.7361416418647073,
  "beir_cqadupstack_index_time_ms": 80178.81479300559,
  "beir_cqadupstack_query_time_ms": 12839.362972415984,
  "beir_quora_ndcg@10": 0.775639567994878,
  "beir_quora_recall@100": 0.9614155858844131,
  "beir_quora_index_time_ms": 188049.33450557292,
  "beir_quora_query_time_ms": 732808.2916326821,
  "bright_leetcode_ndcg@10": 0.1586297027850483,
  "bright_leetcode_recall@100": 0.4841549295774648,
  "bright_leetcode_index_time_ms": 1033057.3956016451,
  "bright_leetcode_query_time_ms": 74898.56460224837,
  "beir_webis-touche2020_ndcg@10": 0.22452633908169412,
  "beir_webis-touche2020_recall@100": 0.5142112348421745,
  "beir_webis-touche2020_index_time_ms": 1845464.0299631283,
  "beir_webis-touche2020_query_time_ms": 2759.73202008754,
  "beir_climate-fever_ndcg@10": 0.11726097128394797,
  "beir_climate-fever_recall@100": 0.34222584147665586,
  "beir_climate-fever_index_time_ms": 9893973.304979503,
  "beir_climate-fever_query_time_ms": 2315455.93043603,
  "beir_hotpotqa_ndcg@10": 0.5615658046251745,
  "beir_hotpotqa_recall@100": 0.750438892640108,
  "beir_hotpotqa_index_time_ms": 5776357.191993855,
  "beir_hotpotqa_query_time_ms": 8702704.097107984,
  "beir_dbpedia-entity_ndcg@10": 0.3102902940983401,
  "beir_dbpedia-entity_recall@100": 0.42209341472118866,
  "beir_dbpedia-entity_index_time_ms": 5373240.601687692,
  "beir_dbpedia-entity_query_time_ms": 182883.8538788259,
  "beir_fever_ndcg@10": 0.5469618806896144,
  "beir_fever_recall@100": 0.867072183408817,
  "beir_fever_index_time_ms": 9893318.237944506,
  "beir_fever_query_time_ms": 5780380.693023093,
  "beir_nq_ndcg@10": 0.24221697171743686,
  "beir_nq_recall@100": 0.6696601004248746,
  "beir_nq_index_time_ms": 4818630.262277089,
  "beir_nq_query_time_ms": 1263394.7799652815,
  "trec_dl_dl19_ndcg@10": 0.5748731656614187,
  "trec_dl_dl19_recall@100": 0.4105401830317121,
  "trec_dl_dl19_index_time_ms": 11654791.32858105,
  "trec_dl_dl19_query_time_ms": 218485.60965061188,
  "trec_dl_dl20_ndcg@10": 0.5580620115173135,
  "trec_dl_dl20_recall@100": 0.41038534251983155,
  "trec_dl_dl20_index_time_ms": 0.0,
  "trec_dl_dl20_query_time_ms": 236562.09290772676,
  "_metadata": {
    "program_path": "src/ranking_evolved/ql_JM.py",
    "tokenizer": "lucene",
    "sample_queries": "all",
    "timestamp": "2026-02-09 13:13:06",
    "evaluator": "evaluator_ql_parallel"
  }
}