{
  "id": "8afd6128-d994-4cf1-a57e-b9cb1cd125d8",
  "generation": 2,
  "iteration": 15,
  "current_iteration": 15,
  "metrics": {
    "beir_nfcorpus_ndcg@10": 0.3199508175582757,
    "beir_nfcorpus_recall@100": 0.2550849501220993,
    "beir_nfcorpus_index_time_ms": 3744.4406249851454,
    "beir_nfcorpus_query_time_ms": 99.67166598653421,
    "bright_pony_ndcg@10": 0.0964461245133019,
    "bright_pony_recall@100": 0.2917040224200448,
    "bright_pony_index_time_ms": 1610.5339580099098,
    "bright_pony_query_time_ms": 483.9625410095323,
    "beir_scifact_ndcg@10": 0.6774027932651772,
    "beir_scifact_recall@100": 0.9286666666666668,
    "beir_scifact_index_time_ms": 5116.540582996095,
    "beir_scifact_query_time_ms": 356.64141600136645,
    "beir_arguana_ndcg@10": 0.27327171543182543,
    "beir_arguana_recall@100": 0.9086366880799429,
    "beir_arguana_index_time_ms": 6162.829499982763,
    "beir_arguana_query_time_ms": 19989.27674998413,
    "bright_theoremqa_theorems_ndcg@10": 0.03320642787874819,
    "bright_theoremqa_theorems_recall@100": 0.15350877192982457,
    "bright_theoremqa_theorems_index_time_ms": 11121.316041972023,
    "bright_theoremqa_theorems_query_time_ms": 806.5491669985931,
    "beir_scidocs_ndcg@10": 0.14584021202278244,
    "beir_scidocs_recall@100": 0.34431666666666666,
    "beir_scidocs_index_time_ms": 20228.07054198347,
    "beir_scidocs_query_time_ms": 3382.6787500001956,
    "bright_economics_ndcg@10": 0.16180613302322908,
    "bright_economics_recall@100": 0.3889308900020007,
    "bright_economics_index_time_ms": 21006.231415987713,
    "bright_economics_query_time_ms": 2567.0599160075653,
    "bright_biology_ndcg@10": 0.25947677330832536,
    "bright_biology_recall@100": 0.5245996806804165,
    "bright_biology_index_time_ms": 21485.61004200019,
    "bright_biology_query_time_ms": 2499.056125001516,
    "bright_earth_science_ndcg@10": 0.3470163410481471,
    "bright_earth_science_recall@100": 0.6554713340954266,
    "bright_earth_science_index_time_ms": 45158.82370798499,
    "bright_earth_science_query_time_ms": 4149.820749997161,
    "beir_fiqa_ndcg@10": 0.22267070008854653,
    "beir_fiqa_recall@100": 0.5231133278586982,
    "beir_fiqa_index_time_ms": 47603.364124981454,
    "beir_fiqa_query_time_ms": 6654.675708006835,
    "bright_stackoverflow_ndcg@10": 0.19058864372955317,
    "bright_stackoverflow_recall@100": 0.46091803192034214,
    "bright_stackoverflow_index_time_ms": 115156.00345798885,
    "bright_stackoverflow_query_time_ms": 8036.078500008443,
    "beir_trec-covid_ndcg@10": 0.6636425001579773,
    "beir_trec-covid_recall@100": 0.10822473659015007,
    "beir_trec-covid_index_time_ms": 152908.60291701392,
    "beir_trec-covid_query_time_ms": 1430.170542007545,
    "avg_ndcg@10": 0.2826099318354908,
    "avg_recall@100": 0.46193131391935655,
    "combined_score": 0.4260670375025834,
    "total_index_time_ms": 451302.3669158865,
    "total_query_time_ms": 50455.641831009416,
    "total_time_ms": 501758.00874689594,
    "datasets_evaluated": 12,
    "datasets_failed": 0,
    "error": 0.0
  },
  "language": "python",
  "timestamp": 1770070628.865908,
  "saved_at": 1770070628.9944808
}