{
  "_average": {
    "build_time_ms": 0.00028509216812940745,
    "mean_query_latency_ms": 852.0655007149323,
    "median_query_latency_ms": 830.9569406108214,
    "ndcg_at_10": 0.2528554517359981,
    "p95_query_latency_ms": 1013.4129997517448,
    "recall_at_10": 0.2385306036718416,
    "recall_at_100": 0.44440041902142596,
    "recall_at_1000": 0.6978042638101655
  },
  "_completed": [
    "beir_fiqa",
    "bright_stackoverflow",
    "bright_theoremqa_questions"
  ],
  "_datasets": [
    "beir_fiqa",
    "bright_stackoverflow",
    "bright_theoremqa_questions"
  ],
  "_fingerprint": {
    "blas_threads": {
      "mkl": 1,
      "omp": 1,
      "openblas": 1,
      "veclib": 1
    },
    "cpu_count": 10,
    "cuda_version": null,
    "device": "cpu",
    "device_name": "arm (Apple/Darwin)",
    "hostname": "Jimmys-MacBook-Pro-1411.local",
    "numpy_version": "2.3.1",
    "torch_version": "2.9.0"
  },
  "_program": "/Users/jimmynian/code/ranking-evolved/tasks/late_interaction/programs/exact_maxsim.py",
  "_run_config": {
    "extra_recall_ks": [
      10,
      100
    ],
    "ndcg_k": 10,
    "recall_k": 1000,
    "sample_queries": 1000000000,
    "timed_repeats": 3,
    "warmup_queries": 10
  },
  "beir_arguana": {
    "build_time_ms": 0.00037497375160455704,
    "mean_query_latency_ms": 112.73167691030241,
    "median_query_latency_ms": 113.12960396753624,
    "ndcg_at_10": 0.3407241227987596,
    "num_queries": 1406,
    "p95_query_latency_ms": 113.9214584545698,
    "recall_at_10": 0.697724039829303,
    "recall_at_100": 0.94950213371266,
    "recall_at_1000": 0.9893314366998578,
    "timed_repeats": 3,
    "warmup_queries": 10
  },
  "beir_fiqa": {
    "build_time_ms": 0.000625033862888813,
    "mean_query_latency_ms": 711.0756350421407,
    "median_query_latency_ms": 679.0805620257743,
    "ndcg_at_10": 0.4195118479452264,
    "num_queries": 648,
    "p95_query_latency_ms": 960.4021710867527,
    "recall_at_10": 0.4990454932584562,
    "recall_at_100": 0.7381867104089326,
    "recall_at_1000": 0.9252482042991302,
    "timed_repeats": 3,
    "warmup_queries": 10
  },
  "beir_nfcorpus": {
    "build_time_ms": 0.00037497375160455704,
    "mean_query_latency_ms": 68.02238727272444,
    "median_query_latency_ms": 53.42041701078415,
    "ndcg_at_10": 0.13661933471103122,
    "num_queries": 323,
    "p95_query_latency_ms": 101.88752132235095,
    "recall_at_10": 0.06691830137775484,
    "recall_at_100": 0.17583769878252492,
    "recall_at_1000": 0.5392004911953775,
    "timed_repeats": 3,
    "warmup_queries": 10
  },
  "beir_scidocs": {
    "build_time_ms": 0.00016600824892520905,
    "mean_query_latency_ms": 414.86280813009944,
    "median_query_latency_ms": 343.3104580035433,
    "ndcg_at_10": 0.1125127752426934,
    "num_queries": 1000,
    "p95_query_latency_ms": 597.3327089217491,
    "recall_at_10": 0.11273333333333334,
    "recall_at_100": 0.27275,
    "recall_at_1000": 0.6467666666666666,
    "timed_repeats": 3,
    "warmup_queries": 10
  },
  "beir_scifact": {
    "build_time_ms": 0.00029103830456733704,
    "mean_query_latency_ms": 112.01023155357689,
    "median_query_latency_ms": 74.49166651349515,
    "ndcg_at_10": 0.7399156394579816,
    "num_queries": 300,
    "p95_query_latency_ms": 175.28221455868334,
    "recall_at_10": 0.8813333333333333,
    "recall_at_100": 0.9660000000000001,
    "recall_at_1000": 1.0,
    "timed_repeats": 3,
    "warmup_queries": 10
  },
  "beir_trec-covid": {
    "build_time_ms": 0.000250060111284256,
    "mean_query_latency_ms": 2582.5319032906555,
    "median_query_latency_ms": 2548.6856669886038,
    "ndcg_at_10": 0.7138174564177538,
    "num_queries": 50,
    "p95_query_latency_ms": 2956.1627251619934,
    "recall_at_10": 0.017072852735453465,
    "recall_at_100": 0.11089815025771285,
    "recall_at_1000": 0.4375370439719763,
    "timed_repeats": 3,
    "warmup_queries": 10
  },
  "bright_biology": {
    "build_time_ms": 0.0002080341801047325,
    "mean_query_latency_ms": 607.8757216907513,
    "median_query_latency_ms": 585.7765000546351,
    "ndcg_at_10": 0.10432226530702814,
    "num_queries": 103,
    "p95_query_latency_ms": 722.2125704283826,
    "recall_at_10": 0.11671533201936882,
    "recall_at_100": 0.34819478057853126,
    "recall_at_1000": 0.7583933071413909,
    "timed_repeats": 3,
    "warmup_queries": 10
  },
  "bright_earth_science": {
    "build_time_ms": 0.0002909218892455101,
    "mean_query_latency_ms": 1615.570827921178,
    "median_query_latency_ms": 1583.9979375014082,
    "ndcg_at_10": 0.20771704346136016,
    "num_queries": 116,
    "p95_query_latency_ms": 2072.8935209626798,
    "recall_at_10": 0.22577405831716177,
    "recall_at_100": 0.4530155309250136,
    "recall_at_1000": 0.6817498045662745,
    "timed_repeats": 3,
    "warmup_queries": 10
  },
  "bright_economics": {
    "build_time_ms": 0.00016600824892520905,
    "mean_query_latency_ms": 596.5322847771955,
    "median_query_latency_ms": 585.5111669516191,
    "ndcg_at_10": 0.1141545243241901,
    "num_queries": 103,
    "p95_query_latency_ms": 760.7849122490734,
    "recall_at_10": 0.12384500319266592,
    "recall_at_100": 0.38879285631837623,
    "recall_at_1000": 0.6733932874280919,
    "timed_repeats": 3,
    "warmup_queries": 10
  },
  "bright_pony": {
    "build_time_ms": 0.000250060111284256,
    "mean_query_latency_ms": 91.99583594870221,
    "median_query_latency_ms": 95.75329150538892,
    "ndcg_at_10": 0.20830167296464555,
    "num_queries": 112,
    "p95_query_latency_ms": 105.9780121955555,
    "recall_at_10": 0.09970084760043693,
    "recall_at_100": 0.6463885445082322,
    "recall_at_1000": 0.9741847783866214,
    "timed_repeats": 3,
    "warmup_queries": 10
  },
  "bright_stackoverflow": {
    "build_time_ms": 0.00016693957149982452,
    "mean_query_latency_ms": 1369.1924138135937,
    "median_query_latency_ms": 1348.4293749788776,
    "ndcg_at_10": 0.08039120873380405,
    "num_queries": 117,
    "p95_query_latency_ms": 1598.9624998299405,
    "recall_at_10": 0.11403235890415378,
    "recall_at_100": 0.398363856400408,
    "recall_at_1000": 0.6641786886383058,
    "timed_repeats": 3,
    "warmup_queries": 10
  },
  "bright_theoremqa_questions": {
    "build_time_ms": 0.00037509016692638397,
    "mean_query_latency_ms": 2352.9875888771226,
    "median_query_latency_ms": 2353.7561244447716,
    "ndcg_at_10": 0.07220438125109727,
    "num_queries": 194,
    "p95_query_latency_ms": 2363.5963170730975,
    "recall_at_10": 0.10652920962199311,
    "recall_at_100": 0.2031786941580756,
    "recall_at_1000": 0.40866470299459995,
    "timed_repeats": 3,
    "warmup_queries": 10
  },
  "bright_theoremqa_theorems": {
    "build_time_ms": 0.00016705598682165146,
    "mean_query_latency_ms": 441.46219406607804,
    "median_query_latency_ms": 437.09745799424127,
    "ndcg_at_10": 0.03692859995240433,
    "num_queries": 76,
    "p95_query_latency_ms": 644.9523645278532,
    "recall_at_10": 0.039473684210526314,
    "recall_at_100": 0.12609649122807018,
    "recall_at_1000": 0.3728070175438597,
    "timed_repeats": 3,
    "warmup_queries": 10
  }
}