{
  "id": "80eae534-7232-4cc3-a9d2-f5367e50b96c",
  "generation": 5,
  "iteration": 59,
  "current_iteration": 60,
  "metrics": {
    "beir_nfcorpus_ndcg@10": 0.33000067639734615,
    "beir_nfcorpus_recall@100": 0.25564909208331527,
    "beir_nfcorpus_index_time_ms": 3495.996334007941,
    "beir_nfcorpus_query_time_ms": 99.05750001780689,
    "beir_scifact_ndcg@10": 0.6736425274786124,
    "beir_scifact_recall@100": 0.9215555555555557,
    "beir_scifact_index_time_ms": 4731.484083051328,
    "beir_scifact_query_time_ms": 356.3154999865219,
    "bright_pony_ndcg@10": 0.11538305716720353,
    "bright_pony_recall@100": 0.31907974991974053,
    "bright_pony_index_time_ms": 1346.4296250022016,
    "bright_pony_query_time_ms": 484.77770801400766,
    "beir_arguana_ndcg@10": 0.29386100465110815,
    "beir_arguana_recall@100": 0.9336188436830836,
    "beir_arguana_index_time_ms": 5717.277417017613,
    "beir_arguana_query_time_ms": 21007.511541014537,
    "bright_theoremqa_theorems_ndcg@10": 0.04070284482286954,
    "bright_theoremqa_theorems_recall@100": 0.1732456140350877,
    "bright_theoremqa_theorems_index_time_ms": 10410.264250007458,
    "bright_theoremqa_theorems_query_time_ms": 893.8102499814704,
    "beir_scidocs_ndcg@10": 0.15116124643440568,
    "beir_scidocs_recall@100": 0.35686666666666667,
    "beir_scidocs_index_time_ms": 19094.293707981706,
    "beir_scidocs_query_time_ms": 3500.4537089844234,
    "bright_economics_ndcg@10": 0.12621127458096612,
    "bright_economics_recall@100": 0.35049237265515776,
    "bright_economics_index_time_ms": 13593.233041989151,
    "bright_economics_query_time_ms": 2437.049458967522,
    "bright_biology_ndcg@10": 0.25144601623478285,
    "bright_biology_recall@100": 0.5442840047592219,
    "bright_biology_index_time_ms": 15004.151458037086,
    "bright_biology_query_time_ms": 2428.802667011041,
    "beir_fiqa_ndcg@10": 0.2327043840367459,
    "beir_fiqa_recall@100": 0.535770804983768,
    "beir_fiqa_index_time_ms": 33112.87670803722,
    "beir_fiqa_query_time_ms": 6427.97800002154,
    "bright_earth_science_ndcg@10": 0.244096550442501,
    "bright_earth_science_recall@100": 0.6398931383448172,
    "bright_earth_science_index_time_ms": 30516.311041021254,
    "bright_earth_science_query_time_ms": 3964.8637080099434,
    "bright_stackoverflow_ndcg@10": 0.1852114164716337,
    "bright_stackoverflow_recall@100": 0.48193944264988886,
    "bright_stackoverflow_index_time_ms": 97138.70254199719,
    "bright_stackoverflow_query_time_ms": 8666.331084037665,
    "beir_trec-covid_ndcg@10": 0.6927829227978157,
    "beir_trec-covid_recall@100": 0.11761236671019755,
    "beir_trec-covid_index_time_ms": 130104.9669169588,
    "beir_trec-covid_query_time_ms": 1608.848333999049,
    "avg_ndcg@10": 0.27810032679299923,
    "avg_recall@100": 0.46916730433720844,
    "combined_score": 0.43095390882836665,
    "total_index_time_ms": 364265.98712510895,
    "total_query_time_ms": 51875.79946004553,
    "total_time_ms": 416141.7865851545,
    "datasets_evaluated": 12,
    "datasets_failed": 0,
    "error": 0.0
  },
  "language": "python",
  "timestamp": 1770061279.880358,
  "saved_at": 1770061516.4042041
}