{
  "id": "c1406023-a52e-49df-8035-93907aee2d1c",
  "generation": 4,
  "iteration": 21,
  "current_iteration": 25,
  "metrics": {
    "beir_nfcorpus_ndcg@10": 0.3191031393985664,
    "beir_nfcorpus_recall@100": 0.2549177761439231,
    "beir_nfcorpus_index_time_ms": 3745.829583000159,
    "beir_nfcorpus_query_time_ms": 102.92691699578427,
    "bright_pony_ndcg@10": 0.10118085891985627,
    "bright_pony_recall@100": 0.29129279508917466,
    "bright_pony_index_time_ms": 1438.5783330071718,
    "bright_pony_query_time_ms": 596.5235419862438,
    "beir_scifact_ndcg@10": 0.6737297541365487,
    "beir_scifact_recall@100": 0.9286666666666668,
    "beir_scifact_index_time_ms": 5123.317999998108,
    "beir_scifact_query_time_ms": 372.32204200699925,
    "beir_arguana_ndcg@10": 0.2791269687091879,
    "beir_arguana_recall@100": 0.9107780157030693,
    "beir_arguana_index_time_ms": 6048.695541016059,
    "beir_arguana_query_time_ms": 29110.82562498632,
    "bright_theoremqa_theorems_ndcg@10": 0.044226704786586676,
    "bright_theoremqa_theorems_recall@100": 0.15350877192982457,
    "bright_theoremqa_theorems_index_time_ms": 11097.899540996877,
    "bright_theoremqa_theorems_query_time_ms": 1198.0452919960953,
    "beir_scidocs_ndcg@10": 0.14210333228925334,
    "beir_scidocs_recall@100": 0.3425833333333333,
    "beir_scidocs_index_time_ms": 20255.99937501829,
    "beir_scidocs_query_time_ms": 3652.90279200417,
    "bright_economics_ndcg@10": 0.14096139848729317,
    "bright_economics_recall@100": 0.390907487552556,
    "bright_economics_index_time_ms": 20516.598332993453,
    "bright_economics_query_time_ms": 3834.512041998096,
    "bright_biology_ndcg@10": 0.24488826813335413,
    "bright_biology_recall@100": 0.545365592223027,
    "bright_biology_index_time_ms": 24556.425542017678,
    "bright_biology_query_time_ms": 3565.421667008195,
    "beir_fiqa_ndcg@10": 0.22642863148696368,
    "beir_fiqa_recall@100": 0.5214800974060233,
    "beir_fiqa_index_time_ms": 44142.00791702024,
    "beir_fiqa_query_time_ms": 6840.94120899681,
    "bright_earth_science_ndcg@10": 0.3492593070321793,
    "bright_earth_science_recall@100": 0.6656123066286406,
    "bright_earth_science_index_time_ms": 47763.65966600133,
    "bright_earth_science_query_time_ms": 6467.9400419991,
    "bright_stackoverflow_ndcg@10": 0.17299490995156325,
    "bright_stackoverflow_recall@100": 0.49322448689886184,
    "bright_stackoverflow_index_time_ms": 110053.11845900724,
    "bright_stackoverflow_query_time_ms": 10971.32650000276,
    "beir_trec-covid_ndcg@10": 0.5996910187379073,
    "beir_trec-covid_recall@100": 0.1031372763771719,
    "beir_trec-covid_index_time_ms": 150785.84050000063,
    "beir_trec-covid_query_time_ms": 1649.5335829968099,
    "avg_ndcg@10": 0.27447452433910496,
    "avg_recall@100": 0.4667895504960227,
    "combined_score": 0.4283265452646392,
    "total_index_time_ms": 445527.97079007723,
    "total_query_time_ms": 68363.22125297738,
    "total_time_ms": 513891.1920430546,
    "datasets_evaluated": 12,
    "datasets_failed": 0,
    "error": 0.0
  },
  "language": "python",
  "timestamp": 1770072344.507092,
  "saved_at": 1770073353.218828
}