{
  "Classic (k1=1.2, b=0.75)": {
    "ndcg_at_k": 0.07605889342241354,
    "map": 0.054381288512331025,
    "mrr": 0.12245531209784176
  },
  "Classic (k1=1.5, b=0.75)": {
    "ndcg_at_k": 0.06646718858298331,
    "map": 0.04891604456411115,
    "mrr": 0.10735368559855098
  },
  "Lucene (k1=0.9, b=0.4)": {
    "ndcg_at_k": 0.2099574057324487,
    "map": 0.16038168623735027,
    "mrr": 0.31543651930622957
  },
  "Lucene (k1=1.2, b=0.75)": {
    "ndcg_at_k": 0.09256452694314453,
    "map": 0.0701843005266189,
    "mrr": 0.1465657991618571
  },
  "ATIRE (k1=1.2, b=0.75)": {
    "ndcg_at_k": 0.09236527236244359,
    "map": 0.06971658263488953,
    "mrr": 0.14697646358771008
  },
  "BM25L (k1=1.2, b=0.75, \u03b4=0.5)": {
    "ndcg_at_k": 0.07129842204722228,
    "map": 0.05309465887621658,
    "mrr": 0.11779831192309977
  },
  "BM25+ (k1=1.2, b=0.75, \u03b4=1.0)": {
    "ndcg_at_k": 0.18402015855297607,
    "map": 0.1437329623112834,
    "mrr": 0.277940180218175
  },
  "Pyserini-style (k1=0.9, b=0.4)": {
    "ndcg_at_k": 0.20777892468494927,
    "map": 0.16846676169801486,
    "mrr": 0.3077627698016558
  },
  "Evolved (k1=1.5, b=0.75)": {
    "ndcg_at_k": 0.2219149757460892,
    "map": 0.17240707721795528,
    "mrr": 0.31877507345131345
  },
  "Lucene IDF + Evolved TF (k1=0.9, b=0.4)": {
    "ndcg_at_k": 0.23177729273041048,
    "map": 0.1829883104066829,
    "mrr": 0.340410050032394
  },
  "Lucene IDF + Evolved TF (k1=1.5, b=0.75)": {
    "ndcg_at_k": 0.22351048590140163,
    "map": 0.17396956118958973,
    "mrr": 0.32370645622457994
  },
  "Clipped IDF + Classic TF (k1=1.5, b=0.75)": {
    "ndcg_at_k": 0.07807672456013946,
    "map": 0.055718382089614486,
    "mrr": 0.12328476206047904
  },
  "Lucene + sum_all (k1=0.9, b=0.4)": {
    "ndcg_at_k": 0.20777892468494927,
    "map": 0.16846676169801486,
    "mrr": 0.3077627698016558
  },
  "Lucene + saturated (k1=0.9, b=0.4)": {
    "ndcg_at_k": 0.21666143506593125,
    "map": 0.17256882004597154,
    "mrr": 0.32260153687465243
  }
}