{
  "domain": "biology",
  "k": 10,
  "num_queries": 103,
  "our_simple_k1=1.5_b=0.75": {
    "ndcg_at_k": 0.22351048590140163,
    "map": 0.17396956118958973,
    "mrr": 0.32370645622457994
  },
  "our_simple_k1=1.2_b=0.75": {
    "ndcg_at_k": 0.2229691852823293,
    "map": 0.17584560544097572,
    "mrr": 0.3276821151052877
  },
  "our_simple_k1=0.9_b=0.4": {
    "ndcg_at_k": 0.23177729273041048,
    "map": 0.1829883104066829,
    "mrr": 0.340410050032394
  },
  "our_lucene_k1=0.9_b=0.4": {
    "ndcg_at_k": 0.2523694909228622,
    "map": 0.20362446855260283,
    "mrr": 0.3771726793492229
  },
  "our_lucene_k1=1.2_b=0.75": {
    "ndcg_at_k": 0.19415492031840556,
    "map": 0.1544300182592944,
    "mrr": 0.29371155611487954
  },
  "our_lucene_k1=1.5_b=0.75": {
    "ndcg_at_k": 0.18751756602901312,
    "map": 0.14799152050385678,
    "mrr": 0.2829767865012403
  },
  "our_pyserini_style_k1=0.9_b=0.4": {
    "ndcg_at_k": 0.17189078957112952,
    "map": 0.13566523787780538,
    "mrr": 0.2338349721842235
  },
  "our_pyserini_style_k1=1.2_b=0.75": {
    "ndcg_at_k": 0.07652904048447008,
    "map": 0.06277877756141892,
    "mrr": 0.1407828307860182
  },
  "pyserini_raw_k1=0.9_b=0.4": {
    "ndcg_at_k": 0.1810182175441699,
    "map": 0.14204674822352295,
    "mrr": 0.24795500888201627
  },
  "pyserini_raw_k1=1.2_b=0.75": {
    "ndcg_at_k": 0.07925375979977273,
    "map": 0.0657082430690637,
    "mrr": 0.14313980471638768
  },
  "pyserini_raw_k1=1.5_b=0.75": {
    "ndcg_at_k": 0.07444082967026089,
    "map": 0.061285132050173864,
    "mrr": 0.13789992682391833
  }
}