{
  "domain": "biology",
  "k": 10,
  "num_queries": 103,
  "simple_classic_k1=0.9_b=0.4": {
    "ndcg_at_k": 0.2099574057324487,
    "map": 0.16038168623735027,
    "mrr": 0.31543651930622957
  },
  "simple_classic_k1=1.2_b=0.75": {
    "ndcg_at_k": 0.09256452694314453,
    "map": 0.0701843005266189,
    "mrr": 0.1465657991618571
  },
  "simple_classic_k1=1.5_b=0.75": {
    "ndcg_at_k": 0.07557801427363067,
    "map": 0.05495215041834149,
    "mrr": 0.11898036435814474
  },
  "simple_evolved_k1=0.9_b=0.4": {
    "ndcg_at_k": 0.23177729273041048,
    "map": 0.1829883104066829,
    "mrr": 0.340410050032394
  },
  "simple_evolved_k1=1.5_b=0.75": {
    "ndcg_at_k": 0.22351048590140163,
    "map": 0.17396956118958973,
    "mrr": 0.32370645622457994
  },
  "lucene_classic_k1=0.9_b=0.4": {
    "ndcg_at_k": 0.18721338979639673,
    "map": 0.15058017028335716,
    "mrr": 0.2917706772558953
  },
  "lucene_classic_k1=1.2_b=0.75": {
    "ndcg_at_k": 0.07885832649991385,
    "map": 0.06237145710430982,
    "mrr": 0.13677825134630173
  },
  "lucene_evolved_k1=0.9_b=0.4": {
    "ndcg_at_k": 0.2523694909228622,
    "map": 0.20362446855260283,
    "mrr": 0.3771726793492229
  },
  "lucene_evolved_k1=1.5_b=0.75": {
    "ndcg_at_k": 0.18751756602901312,
    "map": 0.14799152050385678,
    "mrr": 0.2829767865012403
  },
  "lucene_pyserini_style_k1=0.9_b=0.4": {
    "ndcg_at_k": 0.17189078957112952,
    "map": 0.13566523787780538,
    "mrr": 0.2338349721842235
  },
  "pyserini_raw_k1=0.9_b=0.4": {
    "ndcg_at_k": 0.1810182175441699,
    "map": 0.14204674822352295,
    "mrr": 0.24795500888201627
  },
  "pyserini_raw_k1=1.2_b=0.75": {
    "ndcg_at_k": 0.07925375979977273,
    "map": 0.0657082430690637,
    "mrr": 0.14313980471638768
  }
}