{
  "id": "dd2703c3-895c-4929-817c-f057b74825e3",
  "generation": 0,
  "iteration": 0,
  "current_iteration": 10,
  "metrics": {
    "beir_nfcorpus_ndcg@10": 0.3199396538132629,
    "beir_nfcorpus_recall@100": 0.2546979326049068,
    "beir_nfcorpus_index_time_ms": 3517.6465419935994,
    "beir_nfcorpus_query_time_ms": 88.89608300523832,
    "beir_scifact_ndcg@10": 0.6768873734115012,
    "beir_scifact_recall@100": 0.9286666666666668,
    "beir_scifact_index_time_ms": 4710.358500014991,
    "beir_scifact_query_time_ms": 325.4667919827625,
    "bright_pony_ndcg@10": 0.05277470947687134,
    "bright_pony_recall@100": 0.19910680720034266,
    "bright_pony_index_time_ms": 1330.3903749911115,
    "bright_pony_query_time_ms": 407.89720899192616,
    "beir_arguana_ndcg@10": 0.3025217556817508,
    "beir_arguana_recall@100": 0.9343326195574589,
    "beir_arguana_index_time_ms": 5797.377583978232,
    "beir_arguana_query_time_ms": 17032.469667028636,
    "bright_theoremqa_theorems_ndcg@10": 0.014416088844160702,
    "bright_theoremqa_theorems_recall@100": 0.10964912280701752,
    "bright_theoremqa_theorems_index_time_ms": 10372.870833030902,
    "bright_theoremqa_theorems_query_time_ms": 718.3028750005178,
    "beir_scidocs_ndcg@10": 0.14979201176022772,
    "beir_scidocs_recall@100": 0.3468833333333334,
    "beir_scidocs_index_time_ms": 19050.833958026487,
    "beir_scidocs_query_time_ms": 2965.7866670168005,
    "bright_economics_ndcg@10": 0.15657061735965494,
    "bright_economics_recall@100": 0.40356356527116094,
    "bright_economics_index_time_ms": 13079.220707993954,
    "bright_economics_query_time_ms": 1933.7912499904633,
    "bright_biology_ndcg@10": 0.17885844791356903,
    "bright_biology_recall@100": 0.42830654555232994,
    "bright_biology_index_time_ms": 14295.163832954131,
    "bright_biology_query_time_ms": 1901.0370000032708,
    "beir_fiqa_ndcg@10": 0.23628064633928716,
    "beir_fiqa_recall@100": 0.5372055285249729,
    "beir_fiqa_index_time_ms": 31623.15179099096,
    "beir_fiqa_query_time_ms": 5289.228375011589,
    "bright_earth_science_ndcg@10": 0.2854589405778616,
    "bright_earth_science_recall@100": 0.6105052010905005,
    "bright_earth_science_index_time_ms": 30171.616375038866,
    "bright_earth_science_query_time_ms": 3234.5812499988824,
    "bright_stackoverflow_ndcg@10": 0.16789773581090361,
    "bright_stackoverflow_recall@100": 0.4677551467528365,
    "bright_stackoverflow_index_time_ms": 95670.53662496619,
    "bright_stackoverflow_query_time_ms": 6719.72537500551,
    "beir_trec-covid_ndcg@10": 0.6689855334055745,
    "beir_trec-covid_recall@100": 0.10910286897272853,
    "beir_trec-covid_index_time_ms": 128673.13899996225,
    "beir_trec-covid_query_time_ms": 1250.213999999687,
    "avg_ndcg@10": 0.2675319595328855,
    "avg_recall@100": 0.444147944861188,
    "combined_score": 0.4088247477955276,
    "total_index_time_ms": 358292.3061239417,
    "total_query_time_ms": 41867.396543035284,
    "total_time_ms": 400159.70266697695,
    "datasets_evaluated": 12,
    "datasets_failed": 0,
    "error": 0.0
  },
  "language": "python",
  "timestamp": 1770016942.899982,
  "saved_at": 1770018890.881006
}