{
  "id": "e9b6a98f-4228-4fbc-9dfe-cc2ee38bc03c",
  "generation": 1,
  "iteration": 12,
  "current_iteration": 15,
  "metrics": {
    "beir_nfcorpus_ndcg@10": 0.3201447752481062,
    "beir_nfcorpus_recall@100": 0.2550849295089316,
    "beir_nfcorpus_index_time_ms": 3476.740542042535,
    "beir_nfcorpus_query_time_ms": 89.19116697506979,
    "beir_scifact_ndcg@10": 0.6766071215992575,
    "beir_scifact_recall@100": 0.9286666666666668,
    "beir_scifact_index_time_ms": 4691.773500002455,
    "beir_scifact_query_time_ms": 325.15958399744704,
    "bright_pony_ndcg@10": 0.07774665669833704,
    "bright_pony_recall@100": 0.24969662721378968,
    "bright_pony_index_time_ms": 1347.593708022032,
    "bright_pony_query_time_ms": 410.81145900534466,
    "beir_arguana_ndcg@10": 0.2950583055884139,
    "beir_arguana_recall@100": 0.926481084939329,
    "beir_arguana_index_time_ms": 5672.557332960423,
    "beir_arguana_query_time_ms": 17313.554874970578,
    "bright_theoremqa_theorems_ndcg@10": 0.023684274886022504,
    "bright_theoremqa_theorems_recall@100": 0.1337719298245614,
    "bright_theoremqa_theorems_index_time_ms": 10370.454708987381,
    "bright_theoremqa_theorems_query_time_ms": 741.0640419693664,
    "beir_scidocs_ndcg@10": 0.14974633420630584,
    "beir_scidocs_recall@100": 0.3478333333333334,
    "beir_scidocs_index_time_ms": 18912.821167032234,
    "beir_scidocs_query_time_ms": 2977.8366669779643,
    "bright_biology_ndcg@10": 0.1850915400882199,
    "bright_biology_recall@100": 0.43204831845608543,
    "bright_biology_index_time_ms": 13930.534082988743,
    "bright_biology_query_time_ms": 1966.5292910067365,
    "bright_economics_ndcg@10": 0.16923988487221636,
    "bright_economics_recall@100": 0.4016863347391702,
    "bright_economics_index_time_ms": 13624.035999993794,
    "bright_economics_query_time_ms": 1982.9545840038918,
    "beir_fiqa_ndcg@10": 0.23645728262642543,
    "beir_fiqa_recall@100": 0.5372055285249729,
    "beir_fiqa_index_time_ms": 32449.837792024482,
    "beir_fiqa_query_time_ms": 5429.58383297082,
    "bright_earth_science_ndcg@10": 0.30911780758507307,
    "bright_earth_science_recall@100": 0.6112948089921775,
    "bright_earth_science_index_time_ms": 30289.34387501795,
    "bright_earth_science_query_time_ms": 3229.626000043936,
    "bright_stackoverflow_ndcg@10": 0.183431379233003,
    "bright_stackoverflow_recall@100": 0.469874789493262,
    "bright_stackoverflow_index_time_ms": 96129.57649998134,
    "bright_stackoverflow_query_time_ms": 6862.493457971141,
    "beir_trec-covid_ndcg@10": 0.6690006474391785,
    "beir_trec-covid_recall@100": 0.10892541820470526,
    "beir_trec-covid_index_time_ms": 128442.51100003021,
    "beir_trec-covid_query_time_ms": 1267.0496249920689,
    "avg_ndcg@10": 0.27461050083921323,
    "avg_recall@100": 0.4502141474914154,
    "combined_score": 0.415093418160975,
    "total_index_time_ms": 359337.7802090836,
    "total_query_time_ms": 42595.854584884364,
    "total_time_ms": 401933.63479396794,
    "datasets_evaluated": 12,
    "datasets_failed": 0,
    "error": 0.0
  },
  "language": "python",
  "timestamp": 1770019276.088473,
  "saved_at": 1770019857.956418
}